
=== sadie@96k  rate +0.93%  gap 0.0054  dropouts 5 ===
  sec 237: ours 0.899 ref 0.958
    idx  centre_s  n     kind  steady bits   headroom rate_hr reservoir target
    16686   235.01  2048  L     true   1142       21.3    21.4  831002.6  1572.5
    16687   235.03  2048  L     true   1024       21.4    21.8  830609.5  1572.5
    16688   235.05  2048  L     true   1032       21.8    22.3  830216.4  1572.5
    16689   235.07  2048  L     true   1087       22.3    22.5  829823.3  1572.5
    16690   235.09  2048  L     true   1068       22.5    22.9  829430.1  1572.5
    16691   235.11  2048  L     true   1068       22.9    23.2  829037.0  1572.5
    16692   235.14  2048  L     true   1029       23.2    23.6  828643.9  1572.5
    16693   235.16  2048  L     true   973        23.6    24.2  828250.8  1572.5
    16694   235.18  2048  L     true   1041       24.2    24.6  827857.7  1572.5
    16695   235.20  2048  L     true   1076       24.6    24.9  827464.5  1572.5
    16696   235.22  2048  L     true   1028       24.9    25.4  827071.4  1572.5
    16697   235.24  2048  L     true   986        25.4    26.0  826678.3  1572.5
    16698   235.26  2048  L     true   1033       26.0    26.4  826285.2  1572.5
    16699   235.29  2048  L     true   878        26.4    27.3  825892.1  1572.5
    16700   235.31  2048  L     true   1077       27.3    27.6  825498.9  1572.5
    16701   235.33  2048  L     true   1191       27.6    27.5  825105.8  1572.5
    16702   235.35  2048  L     true   2356       27.5    25.5  824712.7  1572.5
    16703   235.37  2048  L     true   1530       25.5    24.5  824319.6  1572.5
    16704   235.39  2048  L     true   1462       24.5    23.7  823926.5  1572.5
    16705   235.41  2048  L     true   1022       23.7    24.1  823533.3  1572.5
    16706   235.43  2048  L     true   1496       24.1    23.2  823140.2  1572.5
    16707   235.46  2048  L     true   1366       23.2    22.7  822747.1  1572.5
    16708   235.48  2048  L     true   1444       22.7    21.9  822354.0  1572.5
    16709   235.50  2048  L     true   1601       21.9    20.7  821960.9  1572.5
    16710   235.52  2048  L     true   1327       20.7    20.2  821567.8  1572.5
    16711   235.54  2048  L     true   1081       20.2    20.5  821174.6  1572.5
    16712   235.56  2048  L     true   1070       20.5    20.8  820781.5  1572.5
    16713   235.58  2048  L     true   1171       20.8    20.9  820388.4  1572.5
    16714   235.61  2048  L     true   1163       20.9    20.9  819995.3  1572.5
    16715   235.63  2048  L     true   1076       20.9    21.2  819602.2  1572.5
    16716   235.65  2048  L     true   1378       21.2    20.6  819209.0  1572.5
    16717   235.67  2048  L     true   1132       20.6    20.8  818815.9  1572.5
    16718   235.69  2048  L     true   1140       20.8    20.9  818422.8  1572.5
    16719   235.71  2048  L     true   1241       20.9    20.7  818029.7  1572.5
    16720   235.73  2048  L     true   1071       20.7    21.0  817636.6  1572.5
    16721   235.75  2048  L     true   1098       21.0    21.3  817243.4  1572.5
    16722   235.78  2048  L     true   1016       21.3    21.7  816850.3  1572.5
    16723   235.80  2048  L     true   876        21.7    22.6  816457.2  1572.5
    16724   235.82  2048  L     true   507        22.6    24.6  816064.1  1572.5
    16725   235.84  2048  L     true   512        24.6    26.5  815671.0  1572.5
    16726   235.86  2048  L     true   559        26.5    28.4  815277.8  1572.5
    16727   235.88  2048  L     true   1474       28.4    27.5  814884.7  1572.5
    16728   235.90  2048  L     false  1279       42.0    27.5  814591.2  1572.5
    16729   235.92  256   S     false  436        42.0    27.5  814142.7   884.5
    16730   235.92  256   S     false  419        42.0    27.5  814365.2   196.6
    16731   235.92  256   S     false  449        42.0    27.5  814617.6   196.6
    16732   235.92  256   S     false  759        42.0    27.5  815180.0   196.6
    16733   235.93  256   S     false  741        42.0    27.5  815724.5   196.6
    16734   235.93  256   S     false  769        42.0    27.5  816296.9   196.6
    16735   235.93  256   S     false  950        42.0    27.5  817050.4   196.6
    16736   235.93  256   S     false  1026       42.0    27.5  817879.8   196.6
    16737   235.94  256   S     false  1139       42.0    27.5  818822.2   196.6
    16738   235.94  256   S     false  1127       42.0    27.5  819752.7   196.6
    16739   235.94  256   S     false  1143       42.0    27.5  820699.1   196.6
    16740   235.95  256   S     false  1281       42.0    27.5  821783.6   196.6
    16741   235.95  256   S     false  1144       42.0    27.5  822731.0   196.6
    16742   235.95  256   S     false  1076       42.0    27.5  823610.4   196.6
    16743   235.95  256   S     false  1115       42.0    27.5  824528.9   196.6
    16744   235.96  256   S     false  1043       42.0    27.5  825375.3   196.6
    16745   235.97  2048  L     false  2256       42.0    27.5  826746.8   884.5
    16746   235.99  2048  L     true   890        27.5    28.3  826353.7  1572.5
    16747   236.01  2048  L     true   1336       28.3    27.9  825960.6  1572.5
    16748   236.03  2048  L     true   1286       27.9    27.6  825567.4  1572.5
    16749   236.05  2048  L     true   1320       27.6    27.2  825174.3  1572.5
    16750   236.07  2048  L     true   1435       27.2    26.4  824781.2  1572.5
    16751   236.10  2048  L     true   2540       26.4    24.4  824388.1  1572.5
    16752   236.12  2048  L     true   2481       24.4    22.4  823995.0  1572.5
    16753   236.14  2048  L     true   1543       22.4    21.3  823601.8  1572.5
    16754   236.16  2048  L     false  1746       42.0    21.3  823775.4  1572.5
    16755   236.17  256   S     false  521        42.0    21.3  823411.8   884.5
    16756   236.17  256   S     false  475        42.0    21.3  823690.3   196.6
    16757   236.18  256   S     false  496        42.0    21.3  823989.7   196.6
    16758   236.18  256   S     false  504        42.0    21.3  824297.2   196.6
    16759   236.18  256   S     false  461        42.0    21.3  824561.6   196.6
    16760   236.19  256   S     false  437        42.0    21.3  824802.0   196.6
    16761   236.19  256   S     false  502        42.0    21.3  825107.5   196.6
    16762   236.19  256   S     false  494        42.0    21.3  825404.9   196.6
    16763   236.19  256   S     false  526        42.0    21.3  825734.4   196.6
    16764   236.20  256   S     false  626        42.0    21.3  826163.8   196.6
    16765   236.20  256   S     false  860        42.0    21.3  826827.2   196.6
    16766   236.20  256   S     false  831        42.0    21.3  827461.7   196.6
    16767   236.20  256   S     false  864        42.0    21.3  828129.1   196.6
    16768   236.21  256   S     false  791        42.0    21.3  828723.6   196.6
    16769   236.21  256   S     false  845        42.0    21.3  829372.0   196.6
    16770   236.21  256   S     false  763        42.0    21.3  829938.4   196.6
    16771   236.22  2048  L     false  1812       42.0    21.3  830865.9   884.5
    16772   236.25  2048  L     true   988        21.3    21.9  830472.8  1572.5
    16773   236.27  2048  L     false  1874       42.0    21.9  830774.3  1572.5
    16774   236.28  256   S     false  855        42.0    21.9  830744.8   884.5
    16775   236.28  256   S     false  902        42.0    21.9  831450.3   196.6
    16776   236.28  256   S     false  947        42.0    21.9  832200.7   196.6
    16777   236.29  256   S     false  643        42.0    21.9  832647.1   196.6
    16778   236.29  256   S     false  526        42.0    21.9  832976.6   196.6
    16779   236.29  256   S     false  565        42.0    21.9  833345.0   196.6
    16780   236.29  256   S     false  1193       42.0    21.9  834341.5   196.6
    16781   236.30  256   S     false  1233       42.0    21.9  835377.9   196.6
    16782   236.30  256   S     false  1184       42.0    21.9  836365.3   196.6
    16783   236.30  256   S     false  1150       42.0    21.9  837318.8   196.6
    16784   236.31  256   S     false  1031       42.0    21.9  838153.2   196.6
    16785   236.31  256   S     false  1045       42.0    21.9  839001.7   196.6
    16786   236.31  256   S     false  1145       42.0    21.9  839950.1   196.6
    16787   236.31  256   S     false  1123       42.0    21.9  840876.5   196.6
    16788   236.32  256   S     false  1086       42.0    21.9  841766.0   196.6
    16789   236.32  256   S     false  966        42.0    21.9  842535.4   196.6
    16790   236.33  2048  L     false  2625       42.0    21.9  844275.9   884.5
    16791   236.35  2048  L     true   1178       21.9    21.9  843882.8  1572.5
    16792   236.37  2048  L     true   933        21.9    22.6  843489.7  1572.5
    16793   236.39  2048  L     true   933        22.6    23.4  843096.5  1572.5
    16794   236.42  2048  L     true   1031       23.4    23.8  842703.4  1572.5
    16795   236.44  2048  L     true   1388       23.8    23.2  842310.3  1572.5
    16796   236.46  2048  L     true   1157       23.2    23.2  841917.2  1572.5
    16797   236.48  2048  L     true   1072       23.2    23.6  841524.1  1572.5
    16798   236.50  2048  L     true   1073       23.6    23.9  841130.9  1572.5
    16799   236.52  2048  L     true   939        23.9    24.6  840737.8  1572.5
    16800   236.54  2048  L     true   1377       24.6    24.0  840344.7  1572.5
    16801   236.57  2048  L     true   1394       24.0    23.4  839951.6  1572.5
    16802   236.59  2048  L     true   1634       23.4    22.0  839558.5  1572.5
    16803   236.61  2048  L     true   1534       22.0    21.0  839165.3  1572.5
    16804   236.63  2048  L     true   1267       21.0    20.7  838772.2  1572.5
    16805   236.65  2048  L     true   1143       20.7    20.8  838379.1  1572.5
    16806   236.67  2048  L     true   968        20.8    21.5  837986.0  1572.5
    16807   236.69  2048  L     true   1182       21.5    21.5  837592.9  1572.5
    16808   236.71  2048  L     true   1114       21.5    21.6  837199.7  1572.5
    16809   236.74  2048  L     true   1017       21.6    22.1  836806.6  1572.5
    16810   236.76  2048  L     true   1036       22.1    22.5  836413.5  1572.5
    16811   236.78  2048  L     true   1225       22.5    22.4  836020.4  1572.5
    16812   236.80  2048  L     true   1198       22.4    22.4  835627.3  1572.5
    16813   236.82  2048  L     true   1142       22.4    22.5  835234.1  1572.5
    16814   236.84  2048  L     true   926        22.5    23.2  834841.0  1572.5
    16815   236.86  2048  L     true   1029       23.2    23.6  834447.9  1572.5
    16816   236.89  2048  L     true   1071       23.6    24.0  834054.8  1572.5
    16817   236.91  2048  L     true   1112       24.0    24.2  833661.7  1572.5
    16818   236.93  2048  L     true   1414       24.2    23.5  833268.5  1572.5
    16819   236.95  2048  L     true   1315       23.5    23.1  832875.4  1572.5
    16820   236.97  2048  L     true   2097       23.1    21.1  832482.3  1572.5
    16821   236.99  2048  L     true   1626       21.1    19.8  832089.2  1572.5
    16822   237.01  2048  L     true   1512       19.8    18.8  831696.1  1572.5
    16823   237.03  2048  L     true   1183       18.8    18.8  831302.9  1572.5
    16824   237.06  2048  L     false  1953       42.0    18.8  831683.5  1572.5
    16825   237.07  256   S     false  573        42.0    18.8  831371.9   884.5
    16826   237.07  256   S     false  487        42.0    18.8  831662.4   196.6
    16827   237.07  256   S     false  494        42.0    18.8  831959.8   196.6
    16828   237.08  256   S     false  514        42.0    18.8  832277.3   196.6
    16829   237.08  256   S     false  515        42.0    18.8  832595.7   196.6
    16830   237.08  256   S     false  531        42.0    18.8  832930.1   196.6
    16831   237.08  256   S     false  560        42.0    18.8  833293.6   196.6
    16832   237.09  256   S     false  638        42.0    18.8  833735.0   196.6
    16833   237.09  256   S     false  595        42.0    18.8  834133.5   196.6
    16834   237.09  256   S     false  664        42.0    18.8  834600.9   196.6
    16835   237.09  256   S     false  845        42.0    18.8  835249.3   196.6
    16836   237.10  256   S     false  1168       42.0    18.8  836220.8   196.6
    16837   237.10  256   S     false  1111       42.0    18.8  837135.2   196.6
    16838   237.10  256   S     false  1169       42.0    18.8  838107.7   196.6
    16839   237.11  256   S     false  1081       42.0    18.8  838992.1   196.6
    16840   237.11  256   S     false  1054       42.0    18.8  839849.5   196.6
    16841   237.12  2048  L     false  2076       42.0    18.8  841041.0   884.5
    16842   237.14  2048  L     true   769        18.8    20.0  840647.9  1572.5
    16843   237.16  2048  L     true   850        20.0    21.0  840254.8  1572.5
    16844   237.18  2048  L     true   1395       21.0    20.3  839861.7  1572.5
    16845   237.21  2048  L     true   994        20.3    20.9  839468.6  1572.5
    16846   237.23  2048  L     true   1159       20.9    20.9  839075.4  1572.5
    16847   237.25  2048  L     true   1221       20.9    20.8  838682.3  1572.5
    16848   237.27  2048  L     true   1242       20.8    20.6  838289.2  1572.5
    16849   237.29  2048  L     true   1036       20.6    21.0  837896.1  1572.5
    16850   237.31  2048  L     true   1096       21.0    21.3  837503.0  1572.5
    16851   237.33  2048  L     true   1080       21.3    21.6  837109.8  1572.5
    16852   237.35  2048  L     true   1389       21.6    21.0  836716.7  1572.5
    16853   237.38  2048  L     true   1392       21.0    20.3  836323.6  1572.5
    16854   237.40  2048  L     true   1437       20.3    19.6  835930.5  1572.5
    16855   237.42  2048  L     true   937        19.6    20.3  835537.4  1572.5
    16856   237.44  2048  L     true   941        20.3    21.0  835144.2  1572.5
    16857   237.46  2048  L     true   1001       21.0    21.5  834751.1  1572.5
    16858   237.48  2048  L     true   914        21.5    22.3  834358.0  1572.5
    16859   237.50  2048  L     true   969        22.3    22.9  833964.9  1572.5
    16860   237.53  2048  L     true   1068       22.9    23.2  833571.8  1572.5
    16861   237.55  2048  L     true   1563       23.2    22.1  833178.6  1572.5
    16862   237.57  2048  L     true   2223       22.1    20.1  832785.5  1572.5
    16863   237.59  2048  L     true   1983       20.1    18.1  832392.4  1572.5
    16864   237.61  2048  L     true   1569       18.1    17.0  831999.3  1572.5
    16865   237.63  2048  L     true   1422       17.0    16.3  831606.2  1572.5
    16866   237.65  2048  L     true   1165       16.3    16.3  831213.0  1572.5
    16867   237.67  2048  L     false  1431       42.0    16.3  831071.6  1572.5
    16868   237.69  256   S     false  456        42.0    16.3  830643.0   884.5
    16869   237.69  256   S     false  506        42.0    16.3  830952.5   196.6
    16870   237.69  256   S     false  489        42.0    16.3  831244.9   196.6
    16871   237.69  256   S     false  496        42.0    16.3  831544.4   196.6
    16872   237.70  256   S     false  457        42.0    16.3  831804.8   196.6
    16873   237.70  256   S     false  484        42.0    16.3  832092.2   196.6
    16874   237.70  256   S     false  533        42.0    16.3  832428.7   196.6
    16875   237.71  256   S     false  481        42.0    16.3  832713.1   196.6
    16876   237.71  256   S     false  498        42.0    16.3  833014.6   196.6
    16877   237.71  256   S     false  534        42.0    16.3  833352.0   196.6
    16878   237.71  256   S     false  856        42.0    16.3  834011.4   196.6
    16879   237.72  256   S     false  898        42.0    16.3  834712.9   196.6
    16880   237.72  256   S     false  948        42.0    16.3  835464.3   196.6
    16881   237.72  256   S     false  1072       42.0    16.3  836339.8   196.6
    16882   237.72  256   S     false  1096       42.0    16.3  837239.2   196.6
    16883   237.73  256   S     false  1016       42.0    16.3  838058.6   196.6
    16884   237.74  2048  L     false  2601       42.0    16.3  839775.1   884.5
    16885   237.76  2048  L     true   826        16.3    17.3  839382.0  1572.5
    16886   237.78  2048  L     true   1054       17.3    17.7  838988.9  1572.5
    16887   237.80  2048  L     true   694        17.7    19.1  838595.8  1572.5
    16888   237.82  2048  L     true   487        19.1    21.1  838202.6  1572.5
    16889   237.85  2048  L     true   1135       21.1    21.3  837809.5  1572.5
    16890   237.87  2048  L     true   1470       21.3    20.4  837416.4  1572.5
    16891   237.89  2048  L     true   1290       20.4    20.1  837023.3  1572.5
    16892   237.91  2048  L     true   1089       20.1    20.3  836630.2  1572.5
    16893   237.93  2048  L     true   967        20.3    21.0  836237.0  1572.5
    16894   237.95  2048  L     true   1021       21.0    21.4  835843.9  1572.5
    16895   237.97  2048  L     true   975        21.4    22.0  835450.8  1572.5
    16896   237.99  2048  L     false  1985       42.0    22.0  835863.3  1572.5
    16897   238.01  256   S     false  545        42.0    22.0  835523.8   884.5
    16898   238.01  256   S     false  569        42.0    22.0  835896.2   196.6
    16899   238.01  256   S     false  555        42.0    22.0  836254.7   196.6
    16900   238.01  256   S     false  579        42.0    22.0  836637.1   196.6
    16901   238.02  256   S     false  546        42.0    22.0  836986.6   196.6
    16902   238.02  256   S     false  536        42.0    22.0  837326.0   196.6
    16903   238.02  256   S     false  524        42.0    22.0  837653.4   196.6
    16904   238.03  256   S     false  521        42.0    22.0  837977.9   196.6
    16905   238.03  256   S     false  461        42.0    22.0  838242.3   196.6
    16906   238.03  256   S     false  486        42.0    22.0  838531.8   196.6
    16907   238.03  256   S     false  708        42.0    22.0  839043.2   196.6
    16908   238.04  256   S     false  691        42.0    22.0  839537.7   196.6
    16909   238.04  256   S     false  663        42.0    22.0  840004.1   196.6
    16910   238.04  256   S     false  791        42.0    22.0  840598.5   196.6
    16911   238.04  256   S     false  908        42.0    22.0  841310.0   196.6
    16912   238.05  256   S     false  922        42.0    22.0  842035.4   196.6
    16913   238.06  2048  L     false  2585       42.0    22.0  843735.9   884.5
    16914   238.08  2048  L     true   1141       22.0    22.1  843342.8  1572.5
    16915   238.10  2048  L     true   1358       22.1    21.6  842949.7  1572.5
    16916   238.12  2048  L     true   1862       21.6    19.6  842556.5  1572.5
    16917   238.14  2048  L     false  3698       42.0    19.6  844682.1  1572.5
    16918   238.16  256   S     false  603        42.0    19.6  844400.5   884.5
    16919   238.16  256   S     false  565        42.0    19.6  844769.0   196.6
    16920   238.16  256   S     false  543        42.0    19.6  845115.4   196.6
    16921   238.16  256   S     false  633        42.0    19.6  845551.9   196.6
    16922   238.17  256   S     false  553        42.0    19.6  845908.3   196.6
    16923   238.17  256   S     false  561        42.0    19.6  846272.7   196.6
    16924   238.17  256   S     false  519        42.0    19.6  846595.2   196.6
    16925   238.17  256   S     false  475        42.0    19.6  846873.6   196.6
    16926   238.18  256   S     false  578        42.0    19.6  847255.1   196.6
    16927   238.18  256   S     false  511        42.0    19.6  847569.5   196.6
    16928   238.18  256   S     false  593        42.0    19.6  847965.9   196.6
    16929   238.19  256   S     false  1060       42.0    19.6  848829.4   196.6
    16930   238.19  256   S     false  1106       42.0    19.6  849738.8   196.6
    16931   238.19  256   S     false  1086       42.0    19.6  850628.3   196.6
    16932   238.19  256   S     false  916        42.0    19.6  851347.7   196.6
    16933   238.20  256   S     false  979        42.0    19.6  852130.1   196.6
    16934   238.21  2048  L     false  2547       42.0    19.6  853792.6   884.5
    16935   238.23  2048  L     true   1010       19.6    20.1  853399.5  1572.5
    16936   238.25  2048  L     true   915        20.1    20.9  853006.4  1572.5
    16937   238.27  2048  L     true   879        20.9    21.8  852613.3  1572.5
    16938   238.29  2048  L     true   884        21.8    22.6  852220.1  1572.5
    16939   238.31  2048  L     true   995        22.6    23.2  851827.0  1572.5
    16940   238.34  2048  L     true   1160       23.2    23.2  851433.9  1572.5
    16941   238.36  2048  L     true   1351       23.2    22.7  851040.8  1572.5
    16942   238.38  2048  L     true   1086       22.7    23.0  850647.7  1572.5
    16943   238.40  2048  L     true   960        23.0    23.6  850254.5  1572.5
    16944   238.42  2048  L     true   977        23.6    24.2  849861.4  1572.5
    16945   238.44  2048  L     true   1172       24.2    24.3  849468.3  1572.5
    16946   238.46  2048  L     true   1192       24.3    24.2  849075.2  1572.5
    16947   238.49  2048  L     true   1341       24.2    23.7  848682.1  1572.5
    16948   238.51  2048  L     true   1329       23.7    23.3  848288.9  1572.5
    16949   238.53  2048  L     true   1271       23.3    23.0  847895.8  1572.5
    16950   238.55  2048  L     true   1506       23.0    22.1  847502.7  1572.5
    16951   238.57  2048  L     true   1095       22.1    22.3  847109.6  1572.5
    16952   238.59  2048  L     false  1477       42.0    22.3  847014.1  1572.5
    16953   238.60  256   S     false  450        42.0    22.3  846579.6   884.5
    16954   238.61  256   S     false  494        42.0    22.3  846877.0   196.6
    16955   238.61  256   S     false  453        42.0    22.3  847133.5   196.6
    16956   238.61  256   S     false  523        42.0    22.3  847459.9   196.6
    16957   238.61  256   S     false  1075       42.0    22.3  848338.3   196.6
    16958   238.62  256   S     false  1034       42.0    22.3  849175.8   196.6
    16959   238.62  256   S     false  1021       42.0    22.3  850000.2   196.6
    16960   238.62  256   S     false  1103       42.0    22.3  850906.7   196.6
    16961   238.63  256   S     false  972        42.0    22.3  851682.1   196.6
    16962   238.63  256   S     false  935        42.0    22.3  852420.5   196.6
    16963   238.63  256   S     false  954        42.0    22.3  853178.0   196.6
    16964   238.63  256   S     false  1023       42.0    22.3  854004.4   196.6
    16965   238.64  256   S     false  989        42.0    22.3  854796.9   196.6
    16966   238.64  256   S     false  1123       42.0    22.3  855723.3   196.6
    16967   238.64  256   S     false  1032       42.0    22.3  856558.7   196.6
    16968   238.64  256   S     false  1069       42.0    22.3  857431.2   196.6
    16969   238.66  2048  L     false  2073       42.0    22.3  858619.7   884.5
    16970   238.68  2048  L     true   1029       22.3    22.8  858226.5  1572.5
    16971   238.70  2048  L     false  2495       42.0    22.8  859149.1  1572.5
    16972   238.71  256   S     false  887        42.0    22.8  859151.6   884.5
    16973   238.71  256   S     false  1063       42.0    22.8  860018.0   196.6
    16974   238.72  256   S     false  1053       42.0    22.8  860874.4   196.6
    16975   238.72  256   S     false  1124       42.0    22.8  861801.9   196.6
    16976   238.72  256   S     false  911        42.0    22.8  862516.3   196.6
    16977   238.72  256   S     false  1051       42.0    22.8  863370.8   196.6
    16978   238.73  256   S     false  1061       42.0    22.8  864235.2   196.6
    16979   238.73  256   S     false  978        42.0    22.8  865016.6   196.6
    16980   238.73  256   S     false  835        42.0    22.8  865655.1   196.6
    16981   238.73  256   S     false  1027       42.0    22.8  866485.5   196.6
    16982   238.74  256   S     false  1037       42.0    22.8  867326.0   196.6
    16983   238.74  256   S     false  940        42.0    22.8  868069.4   196.6
    16984   238.74  256   S     false  814        42.0    22.8  868686.8   196.6
    16985   238.75  256   S     false  1026       42.0    22.8  869516.3   196.6
    16986   238.75  256   S     false  1069       42.0    22.8  870388.7   196.6
    16987   238.75  256   S     false  1134       42.0    22.8  871326.2   196.6
    16988   238.76  2048  L     false  2596       42.0    22.8  873037.6   884.5
    16989   238.78  2048  L     true   1525       22.8    21.8  872644.5  1572.5
    16990   238.81  2048  L     true   1356       21.8    21.2  872251.4  1572.5
    16991   238.83  2048  L     true   1173       21.2    21.3  871858.3  1572.5
    16992   238.85  2048  L     true   1349       21.3    20.8  871465.2  1572.5
    16993   238.87  2048  L     true   1249       20.8    20.6  871072.0  1572.5
    16994   238.89  2048  L     true   1323       20.6    20.1  870678.9  1572.5
    16995   238.91  2048  L     true   1167       20.1    20.2  870285.8  1572.5
    16996   238.93  2048  L     true   1172       20.2    20.2  869892.7  1572.5
    16997   238.95  2048  L     true   1071       20.2    20.5  869499.6  1572.5
    16998   238.98  2048  L     true   936        20.5    21.2  869106.4  1572.5
    16999   239.00  2048  L     true   1026       21.2    21.7  868713.3  1572.5
    17000   239.02  2048  L     true   1045       21.7    22.1  868320.2  1572.5
    17001   239.04  2048  L     true   1443       22.1    21.3  867927.1  1572.5
    17002   239.06  2048  L     true   1744       21.3    19.6  867534.0  1572.5
    17003   239.08  2048  L     true   1459       19.6    18.8  867140.8  1572.5
    17004   239.10  2048  L     true   1305       18.8    18.5  866747.7  1572.5
    17005   239.13  2048  L     true   1309       18.5    18.1  866354.6  1572.5
    17006   239.15  2048  L     true   947        18.1    18.8  865961.5  1572.5
    17007   239.17  2048  L     true   908        18.8    19.5  865568.4  1572.5
    17008   239.19  2048  L     true   1083       19.5    19.8  865175.2  1572.5
    17009   239.21  2048  L     true   1045       19.8    20.2  864782.1  1572.5
    17010   239.23  2048  L     true   1012       20.2    20.7  864389.0  1572.5
    17011   239.25  2048  L     false  2624       42.0    20.7  865440.5  1572.5
    17012   239.27  256   S     false  1034       42.0    20.7  865590.0   884.5
    17013   239.27  256   S     false  1059       42.0    20.7  866452.4   196.6
    17014   239.27  256   S     false  954        42.0    20.7  867209.9   196.6
    17015   239.27  256   S     false  1032       42.0    20.7  868045.3   196.6
    17016   239.28  256   S     false  1059       42.0    20.7  868907.8   196.6
    17017   239.28  256   S     false  1066       42.0    20.7  869777.2   196.6
    17018   239.28  256   S     false  1083       42.0    20.7  870663.6   196.6
    17019   239.28  256   S     false  995        42.0    20.7  871462.1   196.6
    17020   239.29  256   S     false  906        42.0    20.7  872171.5   196.6
    17021   239.29  256   S     false  905        42.0    20.7  872880.0   196.6
    17022   239.29  256   S     false  908        42.0    20.7  873591.4   196.6
    17023   239.29  256   S     false  967        42.0    20.7  874361.8   196.6
    17024   239.30  256   S     false  1025       42.0    20.7  875190.3   196.6
    17025   239.30  256   S     false  985        42.0    20.7  875978.7   196.6
    17026   239.30  256   S     false  1026       42.0    20.7  876808.2   196.6
    17027   239.31  256   S     false  1010       42.0    20.7  877621.6   196.6
    17028   239.32  2048  L     false  2150       42.0    20.7  878887.1   884.5
    17029   239.34  2048  L     true   962        20.7    21.4  878494.0  1572.5
    17030   239.36  2048  L     true   680        21.4    22.8  878100.8  1572.5
    17031   239.38  2048  L     true   584        22.8    24.6  877707.7  1572.5
    17032   239.40  2048  L     true   571        24.6    26.3  877314.6  1572.5
    17033   239.42  2048  L     true   586        26.3    28.1  876921.5  1572.5
    17034   239.45  2048  L     true   613        28.1    29.7  876528.4  1572.5
    17035   239.47  2048  L     true   842        29.7    30.7  876135.2  1572.5
    17036   239.49  2048  L     true   1185       30.7    30.7  875742.1  1572.5
    17037   239.51  2048  L     true   1175       30.7    30.7  875349.0  1572.5
    17038   239.53  2048  L     true   1452       30.7    29.9  874955.9  1572.5
    17039   239.55  2048  L     true   1413       29.9    29.2  874562.8  1572.5
    17040   239.57  2048  L     true   1346       29.2    28.8  874169.6  1572.5
    17041   239.59  2048  L     true   1339       28.8    28.3  873776.5  1572.5
    17042   239.62  2048  L     true   1205       28.3    28.2  873383.4  1572.5
    17043   239.64  2048  L     true   1161       28.2    28.3  872990.3  1572.5
    17044   239.66  2048  L     true   1240       28.3    28.1  872597.2  1572.5
    17045   239.68  2048  L     true   964        28.1    28.7  872204.1  1572.5
    17046   239.70  2048  L     true   1104       28.7    28.9  871810.9  1572.5
    17047   239.72  2048  L     true   1105       28.9    29.2  871417.8  1572.5
    17048   239.74  2048  L     true   1128       29.2    29.3  871024.7  1572.5
    17049   239.77  2048  L     true   1111       29.3    29.5  870631.6  1572.5
    17050   239.79  2048  L     false  1586       42.0    29.5  870645.1  1572.5
    17051   239.80  256   S     false  654        42.0    29.5  870414.6   884.5
    17052   239.80  256   S     false  644        42.0    29.5  870862.0   196.6
    17053   239.80  256   S     false  547        42.0    29.5  871212.5   196.6
    17054   239.81  256   S     false  553        42.0    29.5  871568.9   196.6
    17055   239.81  256   S     false  572        42.0    29.5  871944.3   196.6
    17056   239.81  256   S     false  591        42.0    29.5  872338.8   196.6
    17057   239.81  256   S     false  582        42.0    29.5  872724.2   196.6
    17058   239.82  256   S     false  582        42.0    29.5  873109.7   196.6
    17059   239.82  256   S     false  643        42.0    29.5  873556.1   196.6
    17060   239.82  256   S     false  635        42.0    29.5  873994.5   196.6
    17061   239.83  256   S     false  672        42.0    29.5  874470.0   196.6
    17062   239.83  256   S     false  769        42.0    29.5  875042.4   196.6
    17063   239.83  256   S     false  697        42.0    29.5  875542.9   196.6
    17064   239.83  256   S     false  846        42.0    29.5  876192.3   196.6
    17065   239.84  256   S     false  799        42.0    29.5  876794.7   196.6
    17066   239.84  256   S     false  864        42.0    29.5  877462.2   196.6
    17067   239.85  2048  L     false  1483       42.0    29.5  878060.7   884.5
    17068   239.87  2048  L     true   1155       29.5    29.6  877667.5  1572.5
    17069   239.89  2048  L     true   1192       29.6    29.5  877274.4  1572.5
    17070   239.91  2048  L     true   1583       29.5    28.4  876881.3  1572.5
    17071   239.94  2048  L     true   1280       28.4    28.1  876488.2  1572.5
    17072   239.96  2048  L     true   1118       28.1    28.2  876095.1  1572.5
    17073   239.98  2048  L     true   1132       28.2    28.4  875701.9  1572.5
  sec 254: ours 0.900 ref 0.947
    idx  centre_s  n     kind  steady bits   headroom rate_hr reservoir target
    18015   252.01  2048  L     true   1323       27.7    27.3 1016456.7  1572.5
    18016   252.03  2048  L     true   1244       27.3    27.1 1016063.5  1572.5
    18017   252.05  2048  L     true   1232       27.1    27.0 1015670.4  1572.5
    18018   252.07  2048  L     true   1753       27.0    25.3 1015277.3  1572.5
    18019   252.10  2048  L     true   1878       25.3    23.3 1014884.2  1572.5
    18020   252.12  2048  L     true   1429       23.3    22.6 1014491.1  1572.5
    18021   252.14  2048  L     false  2727       42.0    22.6 1015645.6  1572.5
    18022   252.15  256   S     false  1014       42.0    22.6 1015775.1   884.5
    18023   252.15  256   S     false  1047       42.0    22.6 1016625.5   196.6
    18024   252.16  256   S     false  1057       42.0    22.6 1017485.9   196.6
    18025   252.16  256   S     false  1064       42.0    22.6 1018353.4   196.6
    18026   252.16  256   S     false  1111       42.0    22.6 1019267.8   196.6
    18027   252.16  256   S     false  1105       42.0    22.6 1020176.3   196.6
    18028   252.17  256   S     false  1055       42.0    22.6 1021034.7   196.6
    18029   252.17  256   S     false  1050       42.0    22.6 1021888.1   196.6
    18030   252.17  256   S     false  1059       42.0    22.6 1022750.6   196.6
    18031   252.17  256   S     false  965        42.0    22.6 1023519.0   196.6
    18032   252.18  256   S     false  1001       42.0    22.6 1024323.5   196.6
    18033   252.18  256   S     false  991        42.0    22.6 1025117.9   196.6
    18034   252.18  256   S     false  1092       42.0    22.6 1026013.3   196.6
    18035   252.19  256   S     false  1065       42.0    22.6 1026881.8   196.6
    18036   252.19  256   S     false  1059       42.0    22.6 1027744.2   196.6
    18037   252.19  256   S     false  1095       42.0    22.6 1028642.7   196.6
    18038   252.20  2048  L     false  1926       42.0    22.6 1029684.2   884.5
    18039   252.22  2048  L     true   910        22.6    23.3 1029291.0  1572.5
    18040   252.25  2048  L     true   1037       23.3    23.8 1028897.9  1572.5
    18041   252.27  2048  L     true   1055       23.8    24.1 1028504.8  1572.5
    18042   252.29  2048  L     true   1128       24.1    24.3 1028111.7  1572.5
    18043   252.31  2048  L     true   1160       24.3    24.3 1027718.6  1572.5
    18044   252.33  2048  L     true   1142       24.3    24.4 1027325.4  1572.5
    18045   252.35  2048  L     true   1333       24.4    24.0 1026932.3  1572.5
    18046   252.37  2048  L     true   1194       24.0    24.0 1026539.2  1572.5
    18047   252.39  2048  L     true   834        24.0    25.0 1026146.1  1572.5
    18048   252.42  2048  L     false  1359       42.0    25.0 1025932.6  1572.5
    18049   252.43  256   S     false  450        42.0    25.0 1025498.1   884.5
    18050   252.43  256   S     false  536        42.0    25.0 1025837.5   196.6
    18051   252.43  256   S     false  617        42.0    25.0 1026258.0   196.6
    18052   252.44  256   S     false  510        42.0    25.0 1026571.4   196.6
    18053   252.44  256   S     false  1063       42.0    25.0 1027437.8   196.6
    18054   252.44  256   S     false  1094       42.0    25.0 1028335.3   196.6
    18055   252.44  256   S     false  1166       42.0    25.0 1029304.7   196.6
    18056   252.45  256   S     false  1117       42.0    25.0 1030225.2   196.6
    18057   252.45  256   S     false  1117       42.0    25.0 1031145.6   196.6
    18058   252.45  256   S     false  1001       42.0    25.0 1031950.0   196.6
    18059   252.45  256   S     false  1016       42.0    25.0 1032769.5   196.6
    18060   252.46  256   S     false  1056       42.0    25.0 1033628.9   196.6
    18061   252.46  256   S     false  983        42.0    25.0 1034415.4   196.6
    18062   252.46  256   S     false  976        42.0    25.0 1035194.8   196.6
    18063   252.47  256   S     false  865        42.0    25.0 1035863.2   196.6
    18064   252.47  256   S     false  904        42.0    25.0 1036570.7   196.6
    18065   252.48  2048  L     false  2082       42.0    25.0 1037768.2   884.5
    18066   252.50  2048  L     true   701        25.0    26.4 1037375.0  1572.5
    18067   252.52  2048  L     true   752        26.4    27.6 1036981.9  1572.5
    18068   252.54  2048  L     true   1443       27.6    26.8 1036588.8  1572.5
    18069   252.57  2048  L     true   1323       26.8    26.4 1036195.7  1572.5
    18070   252.59  2048  L     true   1445       26.4    25.6 1035802.6  1572.5
    18071   252.61  2048  L     true   1371       25.6    25.1 1035409.4  1572.5
    18072   252.63  2048  L     true   1379       25.1    24.5 1035016.3  1572.5
    18073   252.65  2048  L     true   1257       24.5    24.3 1034623.2  1572.5
    18074   252.67  2048  L     true   1006       24.3    24.8 1034230.1  1572.5
    18075   252.69  2048  L     true   1332       24.8    24.3 1033837.0  1572.5
    18076   252.71  2048  L     true   1333       24.3    23.9 1033443.8  1572.5
    18077   252.74  2048  L     true   1127       23.9    24.0 1033050.7  1572.5
    18078   252.76  2048  L     true   1274       24.0    23.8 1032657.6  1572.5
    18079   252.78  2048  L     true   1282       23.8    23.5 1032264.5  1572.5
    18080   252.80  2048  L     true   1127       23.5    23.6 1031871.4  1572.5
    18081   252.82  2048  L     true   1203       23.6    23.5 1031478.2  1572.5
    18082   252.84  2048  L     true   1224       23.5    23.4 1031085.1  1572.5
    18083   252.86  2048  L     true   996        23.4    24.0 1030692.0  1572.5
    18084   252.89  2048  L     true   859        24.0    24.9 1030298.9  1572.5
    18085   252.91  2048  L     true   961        24.9    25.5 1029905.8  1572.5
    18086   252.93  2048  L     true   811        25.5    26.6 1029512.6  1572.5
    18087   252.95  2048  L     true   616        26.6    28.3 1029119.5  1572.5
    18088   252.97  2048  L     true   650        28.3    29.8 1028726.4  1572.5
    18089   252.99  2048  L     true   682        29.8    31.3 1028333.3  1572.5
    18090   253.01  2048  L     true   696        31.3    32.7 1027940.2  1572.5
    18091   253.03  2048  L     true   982        32.7    33.3 1027547.0  1572.5
    18092   253.06  2048  L     true   1230       33.3    33.1 1027153.9  1572.5
    18093   253.08  2048  L     true   1223       33.1    33.0 1026760.8  1572.5
    18094   253.10  2048  L     true   987        33.0    33.5 1026367.7  1572.5
    18095   253.12  2048  L     true   1134       33.5    33.7 1025974.6  1572.5
    18096   253.14  2048  L     true   1027       33.7    34.1 1025581.4  1572.5
    18097   253.16  2048  L     true   1024       34.1    34.6 1025188.3  1572.5
    18098   253.18  2048  L     true   1164       34.6    34.6 1024795.2  1572.5
    18099   253.21  2048  L     true   1080       34.6    34.9 1024402.1  1572.5
    18100   253.23  2048  L     true   988        34.9    35.5 1024009.0  1572.5
    18101   253.25  2048  L     true   1156       35.5    35.5 1023615.8  1572.5
    18102   253.27  2048  L     true   1586       35.5    34.4 1023222.7  1572.5
    18103   253.29  2048  L     true   1707       34.4    32.8 1022829.6  1572.5
    18104   253.31  2048  L     true   1651       32.8    31.4 1022436.5  1572.5
    18105   253.33  2048  L     true   1786       31.4    29.7 1022043.4  1572.5
    18106   253.35  2048  L     true   1521       29.7    28.7 1021650.3  1572.5
    18107   253.38  2048  L     true   1515       28.7    27.7 1021257.1  1572.5
    18108   253.40  2048  L     true   2348       27.7    25.7 1020864.0  1572.5
    18109   253.42  2048  L     true   1449       25.7    24.9 1020470.9  1572.5
    18110   253.44  2048  L     true   1225       24.9    24.7 1020077.8  1572.5
    18111   253.46  2048  L     true   959        24.7    25.4 1019684.7  1572.5
    18112   253.48  2048  L     false  2109       42.0    25.4 1020221.2  1572.5
    18113   253.49  256   S     false  719        42.0    25.4 1020055.7   884.5
    18114   253.50  256   S     false  723        42.0    25.4 1020582.1   196.6
    18115   253.50  256   S     false  690        42.0    25.4 1021075.5   196.6
    18116   253.50  256   S     false  703        42.0    25.4 1021582.0   196.6
    18117   253.51  256   S     false  637        42.0    25.4 1022022.4   196.6
    18118   253.51  256   S     false  604        42.0    25.4 1022429.9   196.6
    18119   253.51  256   S     false  1226       42.0    25.4 1023459.3   196.6
    18120   253.51  256   S     false  1108       42.0    25.4 1024370.7   196.6
    18121   253.52  256   S     false  1181       42.0    25.4 1025355.2   196.6
    18122   253.52  256   S     false  1168       42.0    25.4 1026326.6   196.6
    18123   253.52  256   S     false  1279       42.0    25.4 1027409.1   196.6
    18124   253.52  256   S     false  1301       42.0    25.4 1028513.5   196.6
    18125   253.53  256   S     false  1324       42.0    25.4 1029640.9   196.6
    18126   253.53  256   S     false  1123       42.0    25.4 1030567.4   196.6
    18127   253.53  256   S     false  1305       42.0    25.4 1031675.8   196.6
    18128   253.53  256   S     false  1312       42.0    25.4 1032791.3   196.6
    18129   253.55  2048  L     false  3557       42.0    25.4 1035463.7   884.5
    18130   253.57  2048  L     true   1277       25.4    25.1 1035070.6  1572.5
    18131   253.59  2048  L     true   1080       25.1    25.4 1034677.5  1572.5
    18132   253.61  2048  L     true   1064       25.4    25.7 1034284.4  1572.5
    18133   253.63  2048  L     true   928        25.7    26.5 1033891.3  1572.5
    18134   253.65  2048  L     true   1054       26.5    26.8 1033498.1  1572.5
    18135   253.67  2048  L     true   1113       26.8    27.0 1033105.0  1572.5
    18136   253.70  2048  L     true   1253       27.0    26.8 1032711.9  1572.5
    18137   253.72  2048  L     true   1761       26.8    25.1 1032318.8  1572.5
    18138   253.74  2048  L     true   1895       25.1    23.1 1031925.7  1572.5
    18139   253.76  2048  L     true   1545       23.1    22.0 1031532.5  1572.5
    18140   253.78  2048  L     true   1215       22.0    21.9 1031139.4  1572.5
    18141   253.80  2048  L     true   1078       21.9    22.2 1030746.3  1572.5
    18142   253.82  2048  L     true   973        22.2    22.8 1030353.2  1572.5
    18143   253.85  2048  L     true   1023       22.8    23.3 1029960.1  1572.5
    18144   253.87  2048  L     true   1066       23.3    23.6 1029566.9  1572.5
    18145   253.89  2048  L     true   1054       23.6    24.0 1029173.8  1572.5
    18146   253.91  2048  L     true   1129       24.0    24.1 1028780.7  1572.5
    18147   253.93  2048  L     true   1175       24.1    24.2 1028387.6  1572.5
    18148   253.95  2048  L     true   1187       24.2    24.1 1027994.5  1572.5
    18149   253.97  2048  L     true   1054       24.1    24.5 1027601.3  1572.5
    18150   253.99  2048  L     true   1206       24.5    24.4 1027208.2  1572.5
    18151   254.02  2048  L     true   1220       24.4    24.3 1026815.1  1572.5
    18152   254.04  2048  L     true   1442       24.3    23.5 1026422.0  1572.5
    18153   254.06  2048  L     false  2132       42.0    23.5 1026981.5  1572.5
    18154   254.07  256   S     false  678        42.0    23.5 1026775.0   884.5
    18155   254.07  256   S     false  652        42.0    23.5 1027230.4   196.6
    18156   254.08  256   S     false  714        42.0    23.5 1027747.9   196.6
    18157   254.08  256   S     false  662        42.0    23.5 1028213.3   196.6
    18158   254.08  256   S     false  1094       42.0    23.5 1029110.7   196.6
    18159   254.08  256   S     false  1119       42.0    23.5 1030033.2   196.6
    18160   254.09  256   S     false  1085       42.0    23.5 1030921.6   196.6
    18161   254.09  256   S     false  1170       42.0    23.5 1031895.1   196.6
    18162   254.09  256   S     false  1221       42.0    23.5 1032919.5   196.6
    18163   254.09  256   S     false  1136       42.0    23.5 1033858.9   196.6
    18164   254.10  256   S     false  1060       42.0    23.5 1034722.4   196.6
    18165   254.10  256   S     false  1033       42.0    23.5 1035558.8   196.6
    18166   254.10  256   S     false  1081       42.0    23.5 1036443.3   196.6
    18167   254.11  256   S     false  977        42.0    23.5 1037223.7   196.6
    18168   254.11  256   S     false  941        42.0    23.5 1037968.1   196.6
    18169   254.11  256   S     false  847        42.0    23.5 1038618.6   196.6
    18170   254.12  2048  L     false  1973       42.0    23.5 1039707.1   884.5
    18171   254.14  2048  L     true   897        23.5    24.4 1039314.0  1572.5
    18172   254.17  2048  L     true   1151       24.4    24.4 1038920.8  1572.5
    18173   254.19  2048  L     true   1031       24.4    24.9 1038527.7  1572.5
    18174   254.21  2048  L     true   1020       24.9    25.3 1038134.6  1572.5
    18175   254.23  2048  L     true   1045       25.3    25.7 1037741.5  1572.5
    18176   254.25  2048  L     true   1232       25.7    25.6 1037348.4  1572.5
    18177   254.27  2048  L     true   1108       25.6    25.8 1036955.2  1572.5
    18178   254.29  2048  L     true   1355       25.8    25.3 1036562.1  1572.5
    18179   254.31  2048  L     true   1169       25.3    25.3 1036169.0  1572.5
    18180   254.34  2048  L     true   1143       25.3    25.4 1035775.9  1572.5
    18181   254.36  2048  L     true   1173       25.4    25.4 1035382.8  1572.5
    18182   254.38  2048  L     true   2220       25.4    23.4 1034989.6  1572.5
    18183   254.40  2048  L     true   1447       23.4    22.6 1034596.5  1572.5
    18184   254.42  2048  L     true   1284       22.6    22.3 1034203.4  1572.5
    18185   254.44  2048  L     true   1497       22.3    21.4 1033810.3  1572.5
    18186   254.46  2048  L     true   1002       21.4    21.9 1033417.2  1572.5
    18187   254.49  2048  L     true   1234       21.9    21.8 1033024.0  1572.5
    18188   254.51  2048  L     true   1454       21.8    21.0 1032630.9  1572.5
    18189   254.53  2048  L     true   1088       21.0    21.2 1032237.8  1572.5
    18190   254.55  2048  L     true   811        21.2    22.3 1031844.7  1572.5
    18191   254.57  2048  L     true   712        22.3    23.7 1031451.6  1572.5
    18192   254.59  2048  L     true   887        23.7    24.5 1031058.4  1572.5
    18193   254.61  2048  L     true   1170       24.5    24.6 1030665.3  1572.5
    18194   254.63  2048  L     true   1369       24.6    24.0 1030272.2  1572.5
    18195   254.66  2048  L     false  3750       42.0    24.0 1032449.7  1572.5
    18196   254.67  256   S     false  981        42.0    24.0 1032546.2   884.5
    18197   254.67  256   S     false  891        42.0    24.0 1033240.6   196.6
    18198   254.67  256   S     false  877        42.0    24.0 1033921.1   196.6
    18199   254.68  256   S     false  789        42.0    24.0 1034513.5   196.6
    18200   254.68  256   S     false  763        42.0    24.0 1035080.0   196.6
    18201   254.68  256   S     false  770        42.0    24.0 1035653.4   196.6
    18202   254.68  256   S     false  742        42.0    24.0 1036198.8   196.6
    18203   254.69  256   S     false  688        42.0    24.0 1036690.3   196.6
    18204   254.69  256   S     false  680        42.0    24.0 1037173.7   196.6
    18205   254.69  256   S     false  660        42.0    24.0 1037637.2   196.6
    18206   254.69  256   S     false  1110       42.0    24.0 1038550.6   196.6
    18207   254.70  256   S     false  1044       42.0    24.0 1039398.0   196.6
    18208   254.70  256   S     false  693        42.0    24.0 1039894.5   196.6
    18209   254.70  256   S     false  615        42.0    24.0 1040312.9   196.6
    18210   254.71  256   S     false  606        42.0    24.0 1040722.4   196.6
    18211   254.71  256   S     false  558        42.0    24.0 1041083.8   196.6
    18212   254.72  2048  L     false  2138       42.0    24.0 1042337.3   884.5
    18213   254.74  2048  L     true   1112       24.0    24.2 1041944.2  1572.5
    18214   254.76  2048  L     true   1407       24.2    23.5 1041551.0  1572.5
    18215   254.78  2048  L     true   1319       23.5    23.1 1041157.9  1572.5
    18216   254.81  2048  L     true   1317       23.1    22.7 1040764.8  1572.5
    18217   254.83  2048  L     true   1183       22.7    22.7 1040371.7  1572.5
    18218   254.85  2048  L     true   1105       22.7    22.9 1039978.6  1572.5
    18219   254.87  2048  L     true   1046       22.9    23.3 1039585.4  1572.5
    18220   254.89  2048  L     true   982        23.3    23.9 1039192.3  1572.5
    18221   254.91  2048  L     true   1043       23.9    24.3 1038799.2  1572.5
    18222   254.93  2048  L     true   845        24.3    25.3 1038406.1  1572.5
    18223   254.95  2048  L     true   889        25.3    26.1 1038013.0  1572.5
    18224   254.98  2048  L     true   847        26.1    27.1 1037619.8  1572.5
    18225   255.00  2048  L     true   592        27.1    28.8 1037226.7  1572.5
    18226   255.02  2048  L     true   593        28.8    30.5 1036833.6  1572.5
    18227   255.04  2048  L     true   645        30.5    32.1 1036440.5  1572.5
    18228   255.06  2048  L     true   706        32.1    33.5 1036047.4  1572.5
    18229   255.08  2048  L     true   701        33.5    34.9 1035654.2  1572.5
    18230   255.10  2048  L     true   731        34.9    36.2 1035261.1  1572.5
    18231   255.13  2048  L     true   785        36.2    37.4 1034868.0  1572.5
    18232   255.15  2048  L     true   848        37.4    38.3 1034474.9  1572.5
    18233   255.17  2048  L     true   1036       38.3    38.8 1034081.8  1572.5
    18234   255.19  2048  L     true   896        38.8    39.6 1033688.7  1572.5
    18235   255.21  2048  L     true   972        39.6    40.2 1033295.5  1572.5
    18236   255.23  2048  L     true   1071       40.2    40.5 1032902.4  1572.5
    18237   255.25  2048  L     true   1083       40.5    40.8 1032509.3  1572.5
    18238   255.27  2048  L     true   1212       40.8    40.7 1032116.2  1572.5
    18239   255.30  2048  L     false  1106       42.0    40.7 1031649.7  1572.5
    18240   255.31  256   S     false  450        42.0    40.7 1031215.2   884.5
    18241   255.31  256   S     false  413        42.0    40.7 1031431.6   196.6
    18242   255.31  256   S     false  464        42.0    40.7 1031699.1   196.6
    18243   255.32  256   S     false  523        42.0    40.7 1032025.5   196.6
    18244   255.32  256   S     false  996        42.0    40.7 1032824.9   196.6
    18245   255.32  256   S     false  1012       42.0    40.7 1033640.4   196.6
    18246   255.32  256   S     false  1116       42.0    40.7 1034559.8   196.6
    18247   255.33  256   S     false  1053       42.0    40.7 1035416.3   196.6
    18248   255.33  256   S     false  1204       42.0    40.7 1036423.7   196.6
    18249   255.33  256   S     false  968        42.0    40.7 1037195.1   196.6
    18250   255.33  256   S     false  1033       42.0    40.7 1038031.6   196.6
    18251   255.34  256   S     false  1030       42.0    40.7 1038865.0   196.6
    18252   255.34  256   S     false  1073       42.0    40.7 1039741.5   196.6
    18253   255.34  256   S     false  1086       42.0    40.7 1040630.9   196.6
    18254   255.35  256   S     false  1101       42.0    40.7 1041535.3   196.6
    18255   255.35  256   S     false  1115       42.0    40.7 1042453.8   196.6
    18256   255.36  2048  L     false  1741       42.0    40.7 1043310.3   884.5
    18257   255.38  2048  L     true   1462       40.7    39.9 1042917.1  1572.5
    18258   255.40  2048  L     true   1487       39.9    39.0 1042524.0  1572.5
    18259   255.42  2048  L     true   1764       39.0    37.3 1042130.9  1572.5
    18260   255.45  2048  L     true   1405       37.3    36.6 1041737.8  1572.5
    18261   255.47  2048  L     true   1482       36.6    35.7 1041344.7  1572.5
    18262   255.49  2048  L     true   1219       35.7    35.6 1040951.5  1572.5
    18263   255.51  2048  L     true   1229       35.6    35.5 1040558.4  1572.5
    18264   255.53  2048  L     true   1496       35.5    34.5 1040165.3  1572.5
    18265   255.55  2048  L     true   2042       34.5    32.5 1039772.2  1572.5
    18266   255.57  2048  L     true   2312       32.5    30.5 1039379.1  1572.5
    18267   255.59  2048  L     true   2008       30.5    28.5 1038985.9  1572.5
    18268   255.62  2048  L     true   2201       28.5    26.5 1038592.8  1572.5
    18269   255.64  2048  L     true   1651       26.5    25.1 1038199.7  1572.5
    18270   255.66  2048  L     true   1058       25.1    25.5 1037806.6  1572.5
    18271   255.68  2048  L     true   1176       25.5    25.5 1037413.5  1572.5
    18272   255.70  2048  L     true   1045       25.5    25.9 1037020.3  1572.5
    18273   255.72  2048  L     true   1113       25.9    26.1 1036627.2  1572.5
    18274   255.74  2048  L     true   1095       26.1    26.3 1036234.1  1572.5
    18275   255.77  2048  L     true   1153       26.3    26.4 1035841.0  1572.5
    18276   255.79  2048  L     true   1573       26.4    25.3 1035447.9  1572.5
    18277   255.81  2048  L     true   1603       25.3    24.0 1035054.7  1572.5
    18278   255.83  2048  L     true   874        24.0    24.9 1034661.6  1572.5
    18279   255.85  2048  L     true   1301       24.9    24.6 1034268.5  1572.5
    18280   255.87  2048  L     true   1387       24.6    24.0 1033875.4  1572.5
    18281   255.89  2048  L     true   990        24.0    24.5 1033482.3  1572.5
    18282   255.91  2048  L     true   899        24.5    25.3 1033089.1  1572.5
    18283   255.94  2048  L     true   980        25.3    25.9 1032696.0  1572.5
    18284   255.96  2048  L     true   960        25.9    26.6 1032302.9  1572.5
    18285   255.98  2048  L     true   927        26.6    27.3 1031909.8  1572.5
    18286   256.00  2048  L     true   1051       27.3    27.7 1031516.7  1572.5
    18287   256.02  2048  L     true   1005       27.7    28.2 1031123.5  1572.5
    18288   256.04  2048  L     true   1030       28.2    28.6 1030730.4  1572.5
    18289   256.06  2048  L     true   1079       28.6    28.9 1030337.3  1572.5
    18290   256.09  2048  L     true   1287       28.9    28.6 1029944.2  1572.5
    18291   256.11  2048  L     true   1590       28.6    27.4 1029551.1  1572.5
    18292   256.13  2048  L     true   1189       27.4    27.4 1029157.9  1572.5
    18293   256.15  2048  L     true   1086       27.4    27.6 1028764.8  1572.5
    18294   256.17  2048  L     true   757        27.6    28.9 1028371.7  1572.5
    18295   256.19  2048  L     true   683        28.9    30.3 1027978.6  1572.5
    18296   256.21  2048  L     true   846        30.3    31.3 1027585.5  1572.5
    18297   256.23  2048  L     true   684        31.3    32.8 1027192.4  1572.5
    18298   256.26  2048  L     true   718        32.8    34.1 1026799.2  1572.5
    18299   256.28  2048  L     true   707        34.1    35.5 1026406.1  1572.5
    18300   256.30  2048  L     true   800        35.5    36.6 1026013.0  1572.5
    18301   256.32  2048  L     true   1028       36.6    37.1 1025619.9  1572.5
    18302   256.34  2048  L     true   1042       37.1    37.5 1025226.8  1572.5
    18303   256.36  2048  L     true   2042       37.5    35.5 1024833.6  1572.5
    18304   256.38  2048  L     true   4020       35.5    33.5 1024440.5  1572.5
    18305   256.41  2048  L     true   3963       33.5    31.5 1024047.4  1572.5
    18306   256.43  2048  L     true   4243       31.5    29.5 1023654.3  1572.5
    18307   256.45  2048  L     true   1929       29.5    27.5 1023261.2  1572.5
    18308   256.47  2048  L     true   1134       27.5    27.6 1022868.0  1572.5
    18309   256.49  2048  L     true   1066       27.6    27.9 1022474.9  1572.5
    18310   256.51  2048  L     true   1108       27.9    28.1 1022081.8  1572.5
    18311   256.53  2048  L     true   1036       28.1    28.5 1021688.7  1572.5
    18312   256.55  2048  L     true   1233       28.5    28.4 1021295.6  1572.5
    18313   256.58  2048  L     true   1187       28.4    28.4 1020902.4  1572.5
    18314   256.60  2048  L     true   1105       28.4    28.6 1020509.3  1572.5
    18315   256.62  2048  L     true   1052       28.6    29.0 1020116.2  1572.5
    18316   256.64  2048  L     true   1107       29.0    29.2 1019723.1  1572.5
    18317   256.66  2048  L     true   1211       29.2    29.1 1019330.0  1572.5
    18318   256.68  2048  L     true   1239       29.1    28.9 1018936.8  1572.5
    18319   256.70  2048  L     true   1306       28.9    28.5 1018543.7  1572.5
    18320   256.73  2048  L     true   1239       28.5    28.4 1018150.6  1572.5
    18321   256.75  2048  L     true   1658       28.4    27.0 1017757.5  1572.5
    18322   256.77  2048  L     true   1516       27.0    26.0 1017364.4  1572.5
    18323   256.79  2048  L     true   1307       26.0    25.6 1016971.2  1572.5
    18324   256.81  2048  L     true   1456       25.6    24.8 1016578.1  1572.5
    18325   256.83  2048  L     true   1410       24.8    24.1 1016185.0  1572.5
    18326   256.85  2048  L     false  2169       42.0    24.1 1016781.5  1572.5
    18327   256.87  256   S     false  694        42.0    24.1 1016591.0   884.5
    18328   256.87  256   S     false  657        42.0    24.1 1017051.4   196.6
    18329   256.87  256   S     false  762        42.0    24.1 1017616.9   196.6
    18330   256.87  256   S     false  728        42.0    24.1 1018148.3   196.6
    18331   256.88  256   S     false  932        42.0    24.1 1018883.8   196.6
    18332   256.88  256   S     false  1023       42.0    24.1 1019710.2   196.6
    18333   256.88  256   S     false  1055       42.0    24.1 1020568.6   196.6
    18334   256.88  256   S     false  956        42.0    24.1 1021328.1   196.6
    18335   256.89  256   S     false  1120       42.0    24.1 1022251.5   196.6
    18336   256.89  256   S     false  1054       42.0    24.1 1023109.0   196.6
    18337   256.89  256   S     false  1131       42.0    24.1 1024043.4   196.6
    18338   256.89  256   S     false  1127       42.0    24.1 1024973.8   196.6
    18339   256.90  256   S     false  1172       42.0    24.1 1025949.3   196.6
    18340   256.90  256   S     false  1071       42.0    24.1 1026823.7   196.6
    18341   256.90  256   S     false  1221       42.0    24.1 1027848.2   196.6
    18342   256.91  256   S     false  1194       42.0    24.1 1028845.6   196.6
    18343   256.92  2048  L     false  1877       42.0    24.1 1029838.1   884.5
    18344   256.94  2048  L     true   992        24.1    24.7 1029445.0  1572.5
    18345   256.96  2048  L     true   1180       24.7    24.7 1029051.8  1572.5
    18346   256.98  2048  L     true   1430       24.7    23.9 1028658.7  1572.5
  sec 315: ours 0.873 ref 0.947
    idx  centre_s  n     kind  steady bits   headroom rate_hr reservoir target
    22330   313.00  2048  L     false  2867       42.0    30.7 1295679.1   884.5
    22331   313.02  2048  L     true   1897       30.7    28.7 1295286.0  1572.5
    22332   313.05  2048  L     true   2003       28.7    26.7 1294892.9  1572.5
    22333   313.07  2048  L     false  2812       42.0    26.7 1296132.4  1572.5
    22334   313.08  256   S     false  1071       42.0    26.7 1296318.9   884.5
    22335   313.08  256   S     false  1080       42.0    26.7 1297202.3   196.6
    22336   313.08  256   S     false  994        42.0    26.7 1297999.8   196.6
    22337   313.09  256   S     false  1018       42.0    26.7 1298821.2   196.6
    22338   313.09  256   S     false  917        42.0    26.7 1299541.7   196.6
    22339   313.09  256   S     false  949        42.0    26.7 1300294.1   196.6
    22340   313.09  256   S     false  900        42.0    26.7 1300997.5   196.6
    22341   313.10  256   S     false  911        42.0    26.7 1301712.0   196.6
    22342   313.10  256   S     false  962        42.0    26.7 1302477.4   196.6
    22343   313.10  256   S     false  880        42.0    26.7 1303160.9   196.6
    22344   313.11  256   S     false  899        42.0    26.7 1303863.3   196.6
    22345   313.11  256   S     false  921        42.0    26.7 1304587.7   196.6
    22346   313.11  256   S     false  878        42.0    26.7 1305269.2   196.6
    22347   313.11  256   S     false  895        42.0    26.7 1305967.6   196.6
    22348   313.12  256   S     false  932        42.0    26.7 1306703.1   196.6
    22349   313.12  256   S     false  915        42.0    26.7 1307421.5   196.6
    22350   313.13  2048  L     false  1512       42.0    26.7 1308049.0   884.5
    22351   313.15  2048  L     true   1141       26.7    26.8 1307655.9  1572.5
    22352   313.17  2048  L     true   1211       26.8    26.7 1307262.7  1572.5
    22353   313.19  2048  L     true   1208       26.7    26.6 1306869.6  1572.5
    22354   313.22  2048  L     true   1334       26.6    26.2 1306476.5  1572.5
    22355   313.24  2048  L     true   1444       26.2    25.4 1306083.4  1572.5
    22356   313.26  2048  L     true   1461       25.4    24.6 1305690.3  1572.5
    22357   313.28  2048  L     true   1338       24.6    24.1 1305297.1  1572.5
    22358   313.30  2048  L     true   1027       24.1    24.6 1304904.0  1572.5
    22359   313.32  2048  L     true   1046       24.6    24.9 1304510.9  1572.5
    22360   313.34  2048  L     true   1059       24.9    25.3 1304117.8  1572.5
    22361   313.37  2048  L     true   1059       25.3    25.6 1303724.7  1572.5
    22362   313.39  2048  L     true   1406       25.6    25.0 1303331.5  1572.5
    22363   313.41  2048  L     true   1042       25.0    25.4 1302938.4  1572.5
    22364   313.43  2048  L     true   1250       25.4    25.2 1302545.3  1572.5
    22365   313.45  2048  L     true   1308       25.2    24.8 1302152.2  1572.5
    22366   313.47  2048  L     true   1156       24.8    24.9 1301759.1  1572.5
    22367   313.49  2048  L     true   1233       24.9    24.7 1301365.9  1572.5
    22368   313.51  2048  L     true   1210       24.7    24.6 1300972.8  1572.5
    22369   313.54  2048  L     true   1020       24.6    25.1 1300579.7  1572.5
    22370   313.56  2048  L     false  1540       42.0    25.1 1300547.2  1572.5
    22371   313.57  256   S     false  492        42.0    25.1 1300154.7   884.5
    22372   313.57  256   S     false  451        42.0    25.1 1300409.2   196.6
    22373   313.57  256   S     false  460        42.0    25.1 1300672.6   196.6
    22374   313.58  256   S     false  874        42.0    25.1 1301350.0   196.6
    22375   313.58  256   S     false  1050       42.0    25.1 1302203.5   196.6
    22376   313.58  256   S     false  944        42.0    25.1 1302950.9   196.6
    22377   313.59  256   S     false  768        42.0    25.1 1303522.4   196.6
    22378   313.59  256   S     false  774        42.0    25.1 1304099.8   196.6
    22379   313.59  256   S     false  847        42.0    25.1 1304750.2   196.6
    22380   313.59  256   S     false  870        42.0    25.1 1305423.7   196.6
    22381   313.60  256   S     false  914        42.0    25.1 1306141.1   196.6
    22382   313.60  256   S     false  915        42.0    25.1 1306859.6   196.6
    22383   313.60  256   S     false  951        42.0    25.1 1307614.0   196.6
    22384   313.60  256   S     false  983        42.0    25.1 1308400.4   196.6
    22385   313.61  256   S     false  1095       42.0    25.1 1309298.9   196.6
    22386   313.61  256   S     false  1042       42.0    25.1 1310144.3   196.6
    22387   313.62  2048  L     false  1790       42.0    25.1 1311049.8   884.5
    22388   313.64  2048  L     true   1128       25.1    25.2 1310656.7  1572.5
    22389   313.66  2048  L     true   1176       25.2    25.3 1310263.6  1572.5
    22390   313.69  2048  L     true   1223       25.3    25.1 1309870.4  1572.5
    22391   313.71  2048  L     true   1163       25.1    25.2 1309477.3  1572.5
    22392   313.73  2048  L     true   924        25.2    25.9 1309084.2  1572.5
    22393   313.75  2048  L     true   831        25.9    26.9 1308691.1  1572.5
    22394   313.77  2048  L     true   1548       26.9    25.9 1308298.0  1572.5
    22395   313.79  2048  L     true   1326       25.9    25.4 1307904.8  1572.5
    22396   313.81  2048  L     true   1094       25.4    25.7 1307511.7  1572.5
    22397   313.83  2048  L     true   1133       25.7    25.8 1307118.6  1572.5
    22398   313.86  2048  L     true   1335       25.8    25.4 1306725.5  1572.5
    22399   313.88  2048  L     true   1436       25.4    24.6 1306332.4  1572.5
    22400   313.90  2048  L     true   995        24.6    25.2 1305939.2  1572.5
    22401   313.92  2048  L     true   1274       25.2    24.9 1305546.1  1572.5
    22402   313.94  2048  L     true   1263       24.9    24.6 1305153.0  1572.5
    22403   313.96  2048  L     true   1256       24.6    24.4 1304759.9  1572.5
    22404   313.98  2048  L     true   1383       24.4    23.8 1304366.8  1572.5
    22405   314.01  2048  L     true   1222       23.8    23.7 1303973.6  1572.5
    22406   314.03  2048  L     true   1323       23.7    23.3 1303580.5  1572.5
    22407   314.05  2048  L     true   1006       23.3    23.8 1303187.4  1572.5
    22408   314.07  2048  L     true   1840       23.8    21.8 1302794.3  1572.5
    22409   314.09  2048  L     true   1864       21.8    19.8 1302401.2  1572.5
    22410   314.11  2048  L     true   1379       19.8    19.2 1302008.0  1572.5
    22411   314.13  2048  L     true   1492       19.2    18.3 1301614.9  1572.5
    22412   314.15  2048  L     true   1169       18.3    18.4 1301221.8  1572.5
    22413   314.18  2048  L     true   1085       18.4    18.6 1300828.7  1572.5
    22414   314.20  2048  L     true   981        18.6    19.2 1300435.6  1572.5
    22415   314.22  2048  L     true   939        19.2    19.9 1300042.4  1572.5
    22416   314.24  2048  L     true   925        19.9    20.7 1299649.3  1572.5
    22417   314.26  2048  L     true   989        20.7    21.2 1299256.2  1572.5
    22418   314.28  2048  L     true   962        21.2    21.9 1298863.1  1572.5
    22419   314.30  2048  L     true   1069       21.9    22.2 1298470.0  1572.5
    22420   314.33  2048  L     true   1038       22.2    22.6 1298076.8  1572.5
    22421   314.35  2048  L     true   943        22.6    23.3 1297683.7  1572.5
    22422   314.37  2048  L     false  1878       42.0    23.3 1297989.2  1572.5
    22423   314.38  256   S     false  614        42.0    23.3 1297718.7   884.5
    22424   314.38  256   S     false  519        42.0    23.3 1298041.2   196.6
    22425   314.39  256   S     false  546        42.0    23.3 1298390.6   196.6
    22426   314.39  256   S     false  568        42.0    23.3 1298762.0   196.6
    22427   314.39  256   S     false  607        42.0    23.3 1299172.5   196.6
    22428   314.39  256   S     false  879        42.0    23.3 1299854.9   196.6
    22429   314.40  256   S     false  994        42.0    23.3 1300652.4   196.6
    22430   314.40  256   S     false  991        42.0    23.3 1301446.8   196.6
    22431   314.40  256   S     false  1081       42.0    23.3 1302331.2   196.6
    22432   314.40  256   S     false  1163       42.0    23.3 1303297.7   196.6
    22433   314.41  256   S     false  1205       42.0    23.3 1304306.1   196.6
    22434   314.41  256   S     false  1268       42.0    23.3 1305377.6   196.6
    22435   314.41  256   S     false  1189       42.0    23.3 1306370.0   196.6
    22436   314.41  256   S     false  1249       42.0    23.3 1307422.4   196.6
    22437   314.42  256   S     false  1192       42.0    23.3 1308417.9   196.6
    22438   314.42  256   S     false  1202       42.0    23.3 1309423.3   196.6
    22439   314.43  2048  L     false  2944       42.0    23.3 1311482.8   884.5
    22440   314.45  2048  L     true   1165       23.3    23.3 1311089.7  1572.5
    22441   314.47  2048  L     true   1223       23.3    23.2 1310696.6  1572.5
    22442   314.50  2048  L     false  2189       42.0    23.2 1311313.1  1572.5
    22443   314.51  256   S     false  655        42.0    23.2 1311083.6   884.5
    22444   314.51  256   S     false  619        42.0    23.2 1311506.0   196.6
    22445   314.51  256   S     false  615        42.0    23.2 1311924.5   196.6
    22446   314.52  256   S     false  566        42.0    23.2 1312293.9   196.6
    22447   314.52  256   S     false  575        42.0    23.2 1312672.3   196.6
    22448   314.52  256   S     false  570        42.0    23.2 1313045.8   196.6
    22449   314.52  256   S     false  537        42.0    23.2 1313386.2   196.6
    22450   314.53  256   S     false  547        42.0    23.2 1313736.7   196.6
    22451   314.53  256   S     false  665        42.0    23.2 1314205.1   196.6
    22452   314.53  256   S     false  744        42.0    23.2 1314752.5   196.6
    22453   314.53  256   S     false  1217       42.0    23.2 1315773.0   196.6
    22454   314.54  256   S     false  1166       42.0    23.2 1316742.4   196.6
    22455   314.54  256   S     false  1064       42.0    23.2 1317609.9   196.6
    22456   314.54  256   S     false  1040       42.0    23.2 1318453.3   196.6
    22457   314.55  256   S     false  980        42.0    23.2 1319236.7   196.6
    22458   314.55  256   S     false  972        42.0    23.2 1320012.2   196.6
    22459   314.56  2048  L     false  2306       42.0    23.2 1321433.7   884.5
    22460   314.58  2048  L     true   1076       23.2    23.5 1321040.5  1572.5
    22461   314.60  2048  L     true   1120       23.5    23.7 1320647.4  1572.5
    22462   314.62  2048  L     true   1097       23.7    23.9 1320254.3  1572.5
    22463   314.65  2048  L     true   1136       23.9    24.1 1319861.2  1572.5
    22464   314.67  2048  L     true   1188       24.1    24.0 1319468.1  1572.5
    22465   314.69  2048  L     true   1236       24.0    23.9 1319074.9  1572.5
    22466   314.71  2048  L     true   919        23.9    24.6 1318681.8  1572.5
    22467   314.73  2048  L     true   699        24.6    26.0 1318288.7  1572.5
    22468   314.75  2048  L     true   618        26.0    27.7 1317895.6  1572.5
    22469   314.77  2048  L     true   769        27.7    28.9 1317502.5  1572.5
    22470   314.79  2048  L     false  2472       42.0    28.9 1318402.0  1572.5
    22471   314.81  256   S     false  503        42.0    28.9 1318020.5   884.5
    22472   314.81  256   S     false  452        42.0    28.9 1318275.9   196.6
    22473   314.81  256   S     false  549        42.0    28.9 1318628.3   196.6
    22474   314.81  256   S     false  532        42.0    28.9 1318963.8   196.6
    22475   314.82  256   S     false  533        42.0    28.9 1319300.2   196.6
    22476   314.82  256   S     false  467        42.0    28.9 1319570.7   196.6
    22477   314.82  256   S     false  439        42.0    28.9 1319813.1   196.6
    22478   314.83  256   S     false  454        42.0    28.9 1320070.5   196.6
    22479   314.83  256   S     false  916        42.0    28.9 1320790.0   196.6
    22480   314.83  256   S     false  861        42.0    28.9 1321454.4   196.6
    22481   314.83  256   S     false  947        42.0    28.9 1322204.9   196.6
    22482   314.84  256   S     false  862        42.0    28.9 1322870.3   196.6
    22483   314.84  256   S     false  866        42.0    28.9 1323539.7   196.6
    22484   314.84  256   S     false  988        42.0    28.9 1324331.2   196.6
    22485   314.84  256   S     false  979        42.0    28.9 1325113.6   196.6
    22486   314.85  256   S     false  1042       42.0    28.9 1325959.1   196.6
    22487   314.86  2048  L     false  2334       42.0    28.9 1327408.5   884.5
    22488   314.88  2048  L     true   1500       28.9    27.9 1327015.4  1572.5
    22489   314.90  2048  L     true   1367       27.9    27.4 1326622.3  1572.5
    22490   314.92  2048  L     true   1447       27.4    26.6 1326229.2  1572.5
    22491   314.94  2048  L     true   1291       26.6    26.3 1325836.1  1572.5
    22492   314.97  2048  L     true   1209       26.3    26.2 1325442.9  1572.5
    22493   314.99  2048  L     true   1277       26.2    25.9 1325049.8  1572.5
    22494   315.01  2048  L     true   1620       25.9    24.6 1324656.7  1572.5
    22495   315.03  2048  L     true   2160       24.6    22.6 1324263.6  1572.5
    22496   315.05  2048  L     true   970        22.6    23.2 1323870.5  1572.5
    22497   315.07  2048  L     true   1066       23.2    23.6 1323477.3  1572.5
    22498   315.09  2048  L     true   1043       23.6    24.0 1323084.2  1572.5
    22499   315.11  2048  L     true   1712       24.0    22.4 1322691.1  1572.5
    22500   315.14  2048  L     true   1329       22.4    22.0 1322298.0  1572.5
    22501   315.16  2048  L     true   2051       22.0    20.0 1321904.9  1572.5
    22502   315.18  2048  L     true   1017       20.0    20.4 1321511.7  1572.5
    22503   315.20  2048  L     true   890        20.4    21.3 1321118.6  1572.5
    22504   315.22  2048  L     true   755        21.3    22.5 1320725.5  1572.5
    22505   315.24  2048  L     true   1062       22.5    22.9 1320332.4  1572.5
    22506   315.26  2048  L     true   1168       22.9    22.9 1319939.3  1572.5
    22507   315.29  2048  L     true   1077       22.9    23.2 1319546.2  1572.5
    22508   315.31  2048  L     true   1159       23.2    23.3 1319153.0  1572.5
    22509   315.33  2048  L     true   1294       23.3    22.9 1318759.9  1572.5
    22510   315.35  2048  L     true   756        22.9    24.2 1318366.8  1572.5
    22511   315.37  2048  L     true   1168       24.2    24.2 1317973.7  1572.5
    22512   315.39  2048  L     true   1652       24.2    22.8 1317580.6  1572.5
    22513   315.41  2048  L     true   1304       22.8    22.5 1317187.4  1572.5
    22514   315.43  2048  L     true   1108       22.5    22.7 1316794.3  1572.5
    22515   315.46  2048  L     true   1131       22.7    22.8 1316401.2  1572.5
    22516   315.48  2048  L     true   1336       22.8    22.3 1316008.1  1572.5
    22517   315.50  2048  L     true   1857       22.3    20.4 1315615.0  1572.5
    22518   315.52  2048  L     true   1717       20.4    18.8 1315221.8  1572.5
    22519   315.54  2048  L     true   1247       18.8    18.6 1314828.7  1572.5
    22520   315.56  2048  L     true   1058       18.6    18.9 1314435.6  1572.5
    22521   315.58  2048  L     true   1401       18.9    18.3 1314042.5  1572.5
    22522   315.61  2048  L     true   969        18.3    18.9 1313649.4  1572.5
    22523   315.63  2048  L     true   936        18.9    19.6 1313256.2  1572.5
    22524   315.65  2048  L     true   1026       19.6    20.1 1312863.1  1572.5
    22525   315.67  2048  L     true   1140       20.1    20.2 1312470.0  1572.5
    22526   315.69  2048  L     true   1030       20.2    20.6 1312076.9  1572.5
    22527   315.71  2048  L     true   1073       20.6    20.9 1311683.8  1572.5
    22528   315.73  2048  L     true   1139       20.9    21.1 1311290.6  1572.5
    22529   315.75  2048  L     true   1594       21.1    19.8 1310897.5  1572.5
    22530   315.78  2048  L     true   1240       19.8    19.7 1310504.4  1572.5
    22531   315.80  2048  L     true   1157       19.7    19.7 1310111.3  1572.5
    22532   315.82  2048  L     true   1148       19.7    19.8 1309718.2  1572.5
    22533   315.84  2048  L     true   1375       19.8    19.2 1309325.0  1572.5
    22534   315.86  2048  L     true   1344       19.2    18.8 1308931.9  1572.5
    22535   315.88  2048  L     true   1157       18.8    18.8 1308538.8  1572.5
    22536   315.90  2048  L     true   1245       18.8    18.6 1308145.7  1572.5
    22537   315.93  2048  L     true   1174       18.6    18.7 1307752.6  1572.5
    22538   315.95  2048  L     true   1325       18.7    18.2 1307359.4  1572.5
    22539   315.97  2048  L     true   1133       18.2    18.4 1306966.3  1572.5
    22540   315.99  2048  L     true   1014       18.4    18.8 1306573.2  1572.5
    22541   316.01  2048  L     true   1003       18.8    19.4 1306180.1  1572.5
    22542   316.03  2048  L     true   1015       19.4    19.8 1305787.0  1572.5
    22543   316.05  2048  L     true   851        19.8    20.8 1305393.8  1572.5
    22544   316.07  2048  L     true   818        20.8    21.9 1305000.7  1572.5
    22545   316.10  2048  L     true   762        21.9    23.1 1304607.6  1572.5
    22546   316.12  2048  L     true   777        23.1    24.3 1304214.5  1572.5
    22547   316.14  2048  L     true   761        24.3    25.5 1303821.4  1572.5
    22548   316.16  2048  L     true   798        25.5    26.6 1303428.2  1572.5
    22549   316.18  2048  L     true   832        26.6    27.6 1303035.1  1572.5
    22550   316.20  2048  L     true   1002       27.6    28.1 1302642.0  1572.5
    22551   316.22  2048  L     true   1182       28.1    28.1 1302248.9  1572.5
    22552   316.25  2048  L     true   1370       28.1    27.6 1301855.8  1572.5
    22553   316.27  2048  L     true   1146       27.6    27.7 1301462.6  1572.5
    22554   316.29  2048  L     true   1445       27.7    26.9 1301069.5  1572.5
    22555   316.31  2048  L     true   1580       26.9    25.7 1300676.4  1572.5
    22556   316.33  2048  L     true   1627       25.7    24.4 1300283.3  1572.5
    22557   316.35  2048  L     true   1339       24.4    23.9 1299890.2  1572.5
    22558   316.37  2048  L     true   1579       23.9    22.8 1299497.0  1572.5
    22559   316.39  2048  L     true   1409       22.8    22.1 1299103.9  1572.5
    22560   316.42  2048  L     true   1375       22.1    21.5 1298710.8  1572.5
    22561   316.44  2048  L     true   1244       21.5    21.3 1298317.7  1572.5
    22562   316.46  2048  L     true   1109       21.3    21.5 1297924.6  1572.5
    22563   316.48  2048  L     true   970        21.5    22.2 1297531.4  1572.5
    22564   316.50  2048  L     true   1119       22.2    22.3 1297138.3  1572.5
    22565   316.52  2048  L     true   949        22.3    23.0 1296745.2  1572.5
    22566   316.54  2048  L     true   1009       23.0    23.5 1296352.1  1572.5
    22567   316.57  2048  L     true   1200       23.5    23.4 1295959.0  1572.5
    22568   316.59  2048  L     true   1110       23.4    23.7 1295565.9  1572.5
    22569   316.61  2048  L     true   1239       23.7    23.5 1295172.7  1572.5
    22570   316.63  2048  L     true   1249       23.5    23.3 1294779.6  1572.5
    22571   316.65  2048  L     true   1472       23.3    22.4 1294386.5  1572.5
    22572   316.67  2048  L     true   1244       22.4    22.2 1293993.4  1572.5
    22573   316.69  2048  L     true   941        22.2    22.9 1293600.3  1572.5
    22574   316.71  2048  L     true   998        22.9    23.5 1293207.1  1572.5
    22575   316.74  2048  L     true   941        23.5    24.2 1292814.0  1572.5
    22576   316.76  2048  L     true   913        24.2    24.9 1292420.9  1572.5
    22577   316.78  2048  L     true   977        24.9    25.5 1292027.8  1572.5
    22578   316.80  2048  L     true   1811       25.5    23.7 1291634.7  1572.5
    22579   316.82  2048  L     true   1509       23.7    22.7 1291241.5  1572.5
    22580   316.84  2048  L     true   1600       22.7    21.5 1290848.4  1572.5
    22581   316.86  2048  L     true   463        21.5    23.5 1290455.3  1572.5
    22582   316.89  2048  L     true   485        23.5    25.5 1290062.2  1572.5
    22583   316.91  2048  L     true   516        25.5    27.4 1289669.1  1572.5
    22584   316.93  2048  L     true   524        27.4    29.3 1289275.9  1572.5
    22585   316.95  2048  L     true   519        29.3    31.3 1288882.8  1572.5
    22586   316.97  2048  L     true   542        31.3    33.1 1288489.7  1572.5
    22587   316.99  2048  L     true   542        33.1    35.0 1288096.6  1572.5
    22588   317.01  2048  L     true   594        35.0    36.7 1287703.5  1572.5
    22589   317.03  2048  L     true   652        36.7    38.3 1287310.3  1572.5
    22590   317.06  2048  L     true   701        38.3    39.7 1286917.2  1572.5
    22591   317.08  2048  L     true   813        39.7    40.7 1286524.1  1572.5
    22592   317.10  2048  L     true   911        40.7    41.5 1286131.0  1572.5
    22593   317.12  2048  L     true   871        41.5    42.4 1285737.9  1572.5
    22594   317.14  2048  L     false  1102       42.4    42.4 1285267.4  1572.5
    22595   317.15  256   S     false  459        42.4    42.4 1284841.9   884.5
    22596   317.16  256   S     false  435        42.4    42.4 1285080.3   196.6
    22597   317.16  256   S     false  410        42.4    42.4 1285293.7   196.6
    22598   317.16  256   S     false  452        42.4    42.4 1285549.2   196.6
    22599   317.16  256   S     false  387        42.4    42.4 1285739.6   196.6
    22600   317.17  256   S     false  909        42.4    42.4 1286452.1   196.6
    22601   317.17  256   S     false  1001       42.4    42.4 1287256.5   196.6
    22602   317.17  256   S     false  962        42.4    42.4 1288021.9   196.6
    22603   317.17  256   S     false  1006       42.4    42.4 1288831.4   196.6
    22604   317.18  256   S     false  1118       42.4    42.4 1289752.8   196.6
    22605   317.18  256   S     false  1116       42.4    42.4 1290672.3   196.6
    22606   317.18  256   S     false  1193       42.4    42.4 1291668.7   196.6
    22607   317.19  256   S     false  1175       42.4    42.4 1292647.1   196.6
    22608   317.19  256   S     false  1194       42.4    42.4 1293644.6   196.6
    22609   317.19  256   S     false  1267       42.4    42.4 1294715.0   196.6
    22610   317.19  256   S     false  1229       42.4    42.4 1295747.5   196.6
    22611   317.21  2048  L     false  2770       42.4    42.4 1297632.9   884.5
    22612   317.23  2048  L     true   2500       42.4    40.4 1297239.8  1572.5
    22613   317.25  2048  L     true   2437       40.4    38.4 1296846.7  1572.5
    22614   317.27  2048  L     true   2038       38.4    36.4 1296453.6  1572.5
    22615   317.29  2048  L     true   2142       36.4    34.4 1296060.5  1572.5
    22616   317.31  2048  L     true   2843       34.4    32.4 1295667.3  1572.5
    22617   317.33  2048  L     true   1993       32.4    30.4 1295274.2  1572.5
    22618   317.35  2048  L     true   1684       30.4    29.0 1294881.1  1572.5
    22619   317.38  2048  L     true   1566       29.0    27.8 1294488.0  1572.5
    22620   317.40  2048  L     true   1490       27.8    26.9 1294094.9  1572.5
    22621   317.42  2048  L     true   1155       26.9    27.0 1293701.7  1572.5
    22622   317.44  2048  L     true   1274       27.0    26.7 1293308.6  1572.5
    22623   317.46  2048  L     true   1438       26.7    26.0 1292915.5  1572.5
    22624   317.48  2048  L     true   1424       26.0    25.2 1292522.4  1572.5
    22625   317.50  2048  L     true   1353       25.2    24.7 1292129.3  1572.5
    22626   317.53  2048  L     true   1463       24.7    23.9 1291736.1  1572.5
    22627   317.55  2048  L     true   1424       23.9    23.2 1291343.0  1572.5
    22628   317.57  2048  L     true   1286       23.2    22.9 1290949.9  1572.5
    22629   317.59  2048  L     true   1342       22.9    22.4 1290556.8  1572.5
    22630   317.61  2048  L     true   1235       22.4    22.2 1290163.7  1572.5
    22631   317.63  2048  L     true   1315       22.2    21.8 1289770.6  1572.5
    22632   317.65  2048  L     true   1115       21.8    22.0 1289377.4  1572.5
    22633   317.67  2048  L     true   1174       22.0    22.0 1288984.3  1572.5
    22634   317.70  2048  L     true   1100       22.0    22.3 1288591.2  1572.5
    22635   317.72  2048  L     true   1025       22.3    22.7 1288198.1  1572.5
    22636   317.74  2048  L     true   1060       22.7    23.1 1287805.0  1572.5
    22637   317.76  2048  L     true   1138       23.1    23.2 1287411.8  1572.5
    22638   317.78  2048  L     true   1019       23.2    23.7 1287018.7  1572.5
    22639   317.80  2048  L     true   1040       23.7    24.1 1286625.6  1572.5
    22640   317.82  2048  L     true   1192       24.1    24.0 1286232.5  1572.5
    22641   317.85  2048  L     true   1244       24.0    23.8 1285839.4  1572.5
    22642   317.87  2048  L     true   1254       23.8    23.6 1285446.2  1572.5
    22643   317.89  2048  L     true   1149       23.6    23.7 1285053.1  1572.5
    22644   317.91  2048  L     true   1278       23.7    23.4 1284660.0  1572.5
    22645   317.93  2048  L     true   1199       23.4    23.4 1284266.9  1572.5
    22646   317.95  2048  L     true   1129       23.4    23.5 1283873.8  1572.5
    22647   317.97  2048  L     true   1197       23.5    23.5 1283480.6  1572.5
    22648   317.99  2048  L     true   1144       23.5    23.6 1283087.5  1572.5
  sec 403: ours 0.860 ref 0.944
    idx  centre_s  n     kind  steady bits   headroom rate_hr reservoir target
    28653   401.00  2048  L     true   1284       26.3    26.0 1771734.0  1572.5
    28654   401.02  2048  L     false  2127       42.0    26.0 1772288.5  1572.5
    28655   401.04  256   S     false  1027       42.0    26.0 1772431.0   884.5
    28656   401.04  256   S     false  857        42.0    26.0 1773091.4   196.6
    28657   401.04  256   S     false  846        42.0    26.0 1773740.9   196.6
    28658   401.04  256   S     false  844        42.0    26.0 1774388.3   196.6
    28659   401.05  256   S     false  782        42.0    26.0 1774973.7   196.6
    28660   401.05  256   S     false  879        42.0    26.0 1775656.2   196.6
    28661   401.05  256   S     false  773        42.0    26.0 1776232.6   196.6
    28662   401.05  256   S     false  727        42.0    26.0 1776763.1   196.6
    28663   401.06  256   S     false  767        42.0    26.0 1777333.5   196.6
    28664   401.06  256   S     false  757        42.0    26.0 1777893.9   196.6
    28665   401.06  256   S     false  959        42.0    26.0 1778656.4   196.6
    28666   401.07  256   S     false  1019       42.0    26.0 1779478.8   196.6
    28667   401.07  256   S     false  1138       42.0    26.0 1780420.3   196.6
    28668   401.07  256   S     false  983        42.0    26.0 1781206.7   196.6
    28669   401.07  256   S     false  987        42.0    26.0 1781997.1   196.6
    28670   401.08  256   S     false  984        42.0    26.0 1782784.6   196.6
    28671   401.09  2048  L     false  1866       42.0    26.0 1783766.1   884.5
    28672   401.11  2048  L     true   1101       26.0    26.3 1783372.9  1572.5
    28673   401.13  2048  L     true   1063       26.3    26.6 1782979.8  1572.5
    28674   401.15  2048  L     true   1210       26.6    26.5 1782586.7  1572.5
    28675   401.17  2048  L     true   1273       26.5    26.2 1782193.6  1572.5
    28676   401.19  2048  L     true   1335       26.2    25.8 1781800.5  1572.5
    28677   401.22  2048  L     true   1446       25.8    25.0 1781407.3  1572.5
    28678   401.24  2048  L     true   1272       25.0    24.7 1781014.2  1572.5
    28679   401.26  2048  L     true   1088       24.7    25.0 1780621.1  1572.5
    28680   401.28  2048  L     true   1161       25.0    25.0 1780228.0  1572.5
    28681   401.30  2048  L     true   1106       25.0    25.3 1779834.9  1572.5
    28682   401.32  2048  L     true   1050       25.3    25.6 1779441.7  1572.5
    28683   401.34  2048  L     true   1056       25.6    26.0 1779048.6  1572.5
    28684   401.37  2048  L     true   1062       26.0    26.3 1778655.5  1572.5
    28685   401.39  2048  L     true   960        26.3    27.0 1778262.4  1572.5
    28686   401.41  2048  L     true   1116       27.0    27.2 1777869.3  1572.5
    28687   401.43  2048  L     true   1380       27.2    26.6 1777476.2  1572.5
    28688   401.45  2048  L     true   1290       26.6    26.3 1777083.0  1572.5
    28689   401.47  2048  L     true   1363       26.3    25.7 1776689.9  1572.5
    28690   401.49  2048  L     true   1422       25.7    25.0 1776296.8  1572.5
    28691   401.51  2048  L     true   1196       25.0    25.0 1775903.7  1572.5
    28692   401.54  2048  L     true   1000       25.0    25.5 1775510.6  1572.5
    28693   401.56  2048  L     true   1194       25.5    25.4 1775117.4  1572.5
    28694   401.58  2048  L     true   1048       25.4    25.8 1774724.3  1572.5
    28695   401.60  2048  L     true   876        25.8    26.7 1774331.2  1572.5
    28696   401.62  2048  L     true   1013       26.7    27.2 1773938.1  1572.5
    28697   401.64  2048  L     true   1079       27.2    27.5 1773545.0  1572.5
    28698   401.66  2048  L     true   1134       27.5    27.6 1773151.8  1572.5
    28699   401.69  2048  L     true   1722       27.6    26.0 1772758.7  1572.5
    28700   401.71  2048  L     true   1326       26.0    25.6 1772365.6  1572.5
    28701   401.73  2048  L     false  2557       42.0    25.6 1773350.1  1572.5
    28702   401.74  256   S     false  692        42.0    25.6 1773157.6   884.5
    28703   401.74  256   S     false  757        42.0    25.6 1773718.0   196.6
    28704   401.75  256   S     false  880        42.0    25.6 1774401.5   196.6
    28705   401.75  256   S     false  876        42.0    25.6 1775080.9   196.6
    28706   401.75  256   S     false  679        42.0    25.6 1775563.4   196.6
    28707   401.75  256   S     false  847        42.0    25.6 1776213.8   196.6
    28708   401.76  256   S     false  958        42.0    25.6 1776975.2   196.6
    28709   401.76  256   S     false  984        42.0    25.6 1777762.7   196.6
    28710   401.76  256   S     false  894        42.0    25.6 1778460.1   196.6
    28711   401.76  256   S     false  832        42.0    25.6 1779095.6   196.6
    28712   401.77  256   S     false  903        42.0    25.6 1779802.0   196.6
    28713   401.77  256   S     false  945        42.0    25.6 1780550.4   196.6
    28714   401.77  256   S     false  654        42.0    25.6 1781007.9   196.6
    28715   401.77  256   S     false  869        42.0    25.6 1781680.3   196.6
    28716   401.78  256   S     false  866        42.0    25.6 1782349.8   196.6
    28717   401.78  256   S     false  921        42.0    25.6 1783074.2   196.6
    28718   401.79  2048  L     false  2379       42.0    25.6 1784568.7   884.5
    28719   401.81  2048  L     true   1601       25.6    24.4 1784175.6  1572.5
    28720   401.83  2048  L     true   1125       24.4    24.5 1783782.4  1572.5
    28721   401.86  2048  L     false  1603       42.0    24.5 1783813.0  1572.5
    28722   401.87  256   S     false  489        42.0    24.5 1783417.4   884.5
    28723   401.87  256   S     false  507        42.0    24.5 1783727.9   196.6
    28724   401.87  256   S     false  420        42.0    24.5 1783951.3   196.6
    28725   401.88  256   S     false  426        42.0    24.5 1784180.8   196.6
    28726   401.88  256   S     false  625        42.0    24.5 1784609.2   196.6
    28727   401.88  256   S     false  463        42.0    24.5 1784875.6   196.6
    28728   401.88  256   S     false  387        42.0    24.5 1785066.1   196.6
    28729   401.89  256   S     false  382        42.0    24.5 1785251.5   196.6
    28730   401.89  256   S     false  616        42.0    24.5 1785671.0   196.6
    28731   401.89  256   S     false  625        42.0    24.5 1786099.4   196.6
    28732   401.89  256   S     false  832        42.0    24.5 1786734.8   196.6
    28733   401.90  256   S     false  843        42.0    24.5 1787381.3   196.6
    28734   401.90  256   S     false  809        42.0    24.5 1787993.7   196.6
    28735   401.90  256   S     false  897        42.0    24.5 1788694.2   196.6
    28736   401.91  256   S     false  989        42.0    24.5 1789486.6   196.6
    28737   401.91  256   S     false  1065       42.0    24.5 1790355.0   196.6
    28738   401.92  2048  L     false  2688       42.0    24.5 1792158.5   884.5
    28739   401.94  2048  L     true   1370       24.5    24.0 1791765.4  1572.5
    28740   401.96  2048  L     true   1316       24.0    23.6 1791372.3  1572.5
    28741   401.98  2048  L     true   1234       23.6    23.4 1790979.2  1572.5
    28742   402.01  2048  L     true   1204       23.4    23.4 1790586.0  1572.5
    28743   402.03  2048  L     true   1789       23.4    21.6 1790192.9  1572.5
    28744   402.05  2048  L     true   1471       21.6    20.7 1789799.8  1572.5
    28745   402.07  2048  L     true   1356       20.7    20.2 1789406.7  1572.5
    28746   402.09  2048  L     true   1355       20.2    19.7 1789013.6  1572.5
    28747   402.11  2048  L     true   1436       19.7    18.9 1788620.4  1572.5
    28748   402.13  2048  L     true   1143       18.9    19.0 1788227.3  1572.5
    28749   402.15  2048  L     true   1152       19.0    19.1 1787834.2  1572.5
    28750   402.18  2048  L     true   928        19.1    19.8 1787441.1  1572.5
    28751   402.20  2048  L     true   761        19.8    21.1 1787048.0  1572.5
    28752   402.22  2048  L     true   849        21.1    22.0 1786654.9  1572.5
    28753   402.24  2048  L     true   983        22.0    22.6 1786261.7  1572.5
    28754   402.26  2048  L     true   1220       22.6    22.5 1785868.6  1572.5
    28755   402.28  2048  L     true   1090       22.5    22.8 1785475.5  1572.5
    28756   402.30  2048  L     true   1216       22.8    22.7 1785082.4  1572.5
    28757   402.33  2048  L     true   1187       22.7    22.6 1784689.3  1572.5
    28758   402.35  2048  L     true   975        22.6    23.2 1784296.1  1572.5
    28759   402.37  2048  L     true   1076       23.2    23.5 1783903.0  1572.5
    28760   402.39  2048  L     true   737        23.5    24.8 1783509.9  1572.5
    28761   402.41  2048  L     true   671        24.8    26.3 1783116.8  1572.5
    28762   402.43  2048  L     true   702        26.3    27.7 1782723.7  1572.5
    28763   402.45  2048  L     true   1822       27.7    25.8 1782330.5  1572.5
    28764   402.47  2048  L     true   1371       25.8    25.3 1781937.4  1572.5
    28765   402.50  2048  L     true   1112       25.3    25.5 1781544.3  1572.5
    28766   402.52  2048  L     true   1199       25.5    25.4 1781151.2  1572.5
    28767   402.54  2048  L     true   1548       25.4    24.3 1780758.1  1572.5
    28768   402.56  2048  L     true   1171       24.3    24.4 1780364.9  1572.5
    28769   402.58  2048  L     true   1294       24.4    24.0 1779971.8  1572.5
    28770   402.60  2048  L     true   917        24.0    24.8 1779578.7  1572.5
    28771   402.62  2048  L     true   763        24.8    26.0 1779185.6  1572.5
    28772   402.65  2048  L     true   1250       26.0    25.8 1778792.5  1572.5
    28773   402.67  2048  L     true   1199       25.8    25.7 1778399.3  1572.5
    28774   402.69  2048  L     true   1053       25.7    26.1 1778006.2  1572.5
    28775   402.71  2048  L     true   1278       26.1    25.8 1777613.1  1572.5
    28776   402.73  2048  L     true   1287       25.8    25.5 1777220.0  1572.5
    28777   402.75  2048  L     true   1164       25.5    25.6 1776826.9  1572.5
    28778   402.77  2048  L     true   980        25.6    26.1 1776433.7  1572.5
    28779   402.79  2048  L     true   863        26.1    27.1 1776040.6  1572.5
    28780   402.82  2048  L     true   687        27.1    28.5 1775647.5  1572.5
    28781   402.84  2048  L     true   869        28.5    29.4 1775254.4  1572.5
    28782   402.86  2048  L     true   1219       29.4    29.3 1774861.3  1572.5
    28783   402.88  2048  L     true   1560       29.3    28.2 1774468.1  1572.5
    28784   402.90  2048  L     true   1504       28.2    27.2 1774075.0  1572.5
    28785   402.92  2048  L     true   1314       27.2    26.8 1773681.9  1572.5
    28786   402.94  2048  L     true   1040       26.8    27.3 1773288.8  1572.5
    28787   402.97  2048  L     true   1196       27.3    27.2 1772895.7  1572.5
    28788   402.99  2048  L     true   1645       27.2    25.8 1772502.5  1572.5
    28789   403.01  2048  L     true   2579       25.8    23.8 1772109.4  1572.5
    28790   403.03  2048  L     true   2315       23.8    21.8 1771716.3  1572.5
    28791   403.05  2048  L     true   1495       21.8    20.9 1771323.2  1572.5
    28792   403.07  2048  L     true   1359       20.9    20.4 1770930.1  1572.5
    28793   403.09  2048  L     true   1011       20.4    20.9 1770536.9  1572.5
    28794   403.11  2048  L     true   1090       20.9    21.1 1770143.8  1572.5
    28795   403.14  2048  L     true   1231       21.1    21.0 1769750.7  1572.5
    28796   403.16  2048  L     true   1158       21.0    21.1 1769357.6  1572.5
    28797   403.18  2048  L     true   1395       21.1    20.4 1768964.5  1572.5
    28798   403.20  2048  L     true   1372       20.4    19.9 1768571.3  1572.5
    28799   403.22  2048  L     true   1270       19.9    19.6 1768178.2  1572.5
    28800   403.24  2048  L     true   1219       19.6    19.5 1767785.1  1572.5
    28801   403.26  2048  L     true   1250       19.5    19.3 1767392.0  1572.5
    28802   403.29  2048  L     true   1107       19.3    19.5 1766998.9  1572.5
    28803   403.31  2048  L     true   1043       19.5    19.9 1766605.7  1572.5
    28804   403.33  2048  L     true   1031       19.9    20.3 1766212.6  1572.5
    28805   403.35  2048  L     true   1030       20.3    20.8 1765819.5  1572.5
    28806   403.37  2048  L     true   1019       20.8    21.2 1765426.4  1572.5
    28807   403.39  2048  L     true   798        21.2    22.3 1765033.3  1572.5
    28808   403.41  2048  L     true   626        22.3    24.0 1764640.1  1572.5
    28809   403.43  2048  L     true   608        24.0    25.6 1764247.0  1572.5
    28810   403.46  2048  L     true   1079       25.6    25.9 1763853.9  1572.5
    28811   403.48  2048  L     true   1337       25.9    25.5 1763460.8  1572.5
    28812   403.50  2048  L     true   1164       25.5    25.5 1763067.7  1572.5
    28813   403.52  2048  L     true   1157       25.5    25.6 1762674.6  1572.5
    28814   403.54  2048  L     true   1266       25.6    25.3 1762281.4  1572.5
    28815   403.56  2048  L     true   1169       25.3    25.4 1761888.3  1572.5
    28816   403.58  2048  L     true   2587       25.4    23.4 1761495.2  1572.5
    28817   403.61  2048  L     true   1945       23.4    21.4 1761102.1  1572.5
    28818   403.63  2048  L     true   1666       21.4    19.9 1760709.0  1572.5
    28819   403.65  2048  L     true   1195       19.9    19.9 1760315.8  1572.5
    28820   403.67  2048  L     true   1389       19.9    19.3 1759922.7  1572.5
    28821   403.69  2048  L     true   1064       19.3    19.6 1759529.6  1572.5
    28822   403.71  2048  L     true   966        19.6    20.2 1759136.5  1572.5
    28823   403.73  2048  L     true   901        20.2    21.0 1758743.4  1572.5
    28824   403.75  2048  L     true   1178       21.0    21.0 1758350.2  1572.5
    28825   403.78  2048  L     true   1044       21.0    21.4 1757957.1  1572.5
    28826   403.80  2048  L     true   1491       21.4    20.5 1757564.0  1572.5
    28827   403.82  2048  L     true   1133       20.5    20.7 1757170.9  1572.5
    28828   403.84  2048  L     true   1006       20.7    21.2 1756777.8  1572.5
    28829   403.86  2048  L     true   1208       21.2    21.1 1756384.6  1572.5
    28830   403.88  2048  L     true   1004       21.1    21.6 1755991.5  1572.5
    28831   403.90  2048  L     true   1171       21.6    21.6 1755598.4  1572.5
    28832   403.93  2048  L     true   1200       21.6    21.6 1755205.3  1572.5
    28833   403.95  2048  L     true   1143       21.6    21.7 1754812.2  1572.5
    28834   403.97  2048  L     true   1175       21.7    21.7 1754419.0  1572.5
    28835   403.99  2048  L     true   1196       21.7    21.6 1754025.9  1572.5
    28836   404.01  2048  L     true   836        21.6    22.6 1753632.8  1572.5
    28837   404.03  2048  L     true   536        22.6    24.5 1753239.7  1572.5
    28838   404.05  2048  L     true   1503       24.5    23.6 1752846.6  1572.5
    28839   404.07  2048  L     true   1558       23.6    22.5 1752453.4  1572.5
    28840   404.10  2048  L     true   1131       22.5    22.6 1752060.3  1572.5
    28841   404.12  2048  L     true   990        22.6    23.2 1751667.2  1572.5
    28842   404.14  2048  L     true   1441       23.2    22.4 1751274.1  1572.5
    28843   404.16  2048  L     true   1589       22.4    21.2 1750881.0  1572.5
    28844   404.18  2048  L     true   1255       21.2    21.0 1750487.8  1572.5
    28845   404.20  2048  L     true   1352       21.0    20.5 1750094.7  1572.5
    28846   404.22  2048  L     true   1307       20.5    20.1 1749701.6  1572.5
    28847   404.25  2048  L     true   1437       20.1    19.3 1749308.5  1572.5
    28848   404.27  2048  L     true   1022       19.3    19.8 1748915.4  1572.5
    28849   404.29  2048  L     true   729        19.8    21.1 1748522.2  1572.5
    28850   404.31  2048  L     true   859        21.1    22.1 1748129.1  1572.5
    28851   404.33  2048  L     true   1388       22.1    21.5 1747736.0  1572.5
    28852   404.35  2048  L     true   1242       21.5    21.3 1747342.9  1572.5
    28853   404.37  2048  L     true   1381       21.3    20.7 1746949.8  1572.5
    28854   404.39  2048  L     true   1462       20.7    19.9 1746556.6  1572.5
    28855   404.42  2048  L     true   948        19.9    20.5 1746163.5  1572.5
    28856   404.44  2048  L     true   923        20.5    21.3 1745770.4  1572.5
    28857   404.46  2048  L     true   1005       21.3    21.8 1745377.3  1572.5
    28858   404.48  2048  L     true   838        21.8    22.8 1744984.2  1572.5
    28859   404.50  2048  L     true   894        22.8    23.6 1744591.0  1572.5
    28860   404.52  2048  L     true   869        23.6    24.5 1744197.9  1572.5
    28861   404.54  2048  L     true   1112       24.5    24.7 1743804.8  1572.5
    28862   404.57  2048  L     true   1040       24.7    25.1 1743411.7  1572.5
    28863   404.59  2048  L     true   1251       25.1    24.9 1743018.6  1572.5
    28864   404.61  2048  L     true   1613       24.9    23.7 1742625.4  1572.5
    28865   404.63  2048  L     true   1585       23.7    22.5 1742232.3  1572.5
    28866   404.65  2048  L     true   1441       22.5    21.7 1741839.2  1572.5
    28867   404.67  2048  L     true   1554       21.7    20.6 1741446.1  1572.5
    28868   404.69  2048  L     true   1566       20.6    19.5 1741053.0  1572.5
    28869   404.71  2048  L     true   1076       19.5    19.8 1740659.8  1572.5
    28870   404.74  2048  L     true   1019       19.8    20.3 1740266.7  1572.5
    28871   404.76  2048  L     true   986        20.3    20.8 1739873.6  1572.5
    28872   404.78  2048  L     true   993        20.8    21.4 1739480.5  1572.5
    28873   404.80  2048  L     true   884        21.4    22.2 1739087.4  1572.5
    28874   404.82  2048  L     true   926        22.2    23.0 1738694.2  1572.5
    28875   404.84  2048  L     true   1080       23.0    23.3 1738301.1  1572.5
    28876   404.86  2048  L     true   941        23.3    24.0 1737908.0  1572.5
    28877   404.89  2048  L     true   1208       24.0    23.9 1737514.9  1572.5
    28878   404.91  2048  L     true   1200       23.9    23.8 1737121.8  1572.5
    28879   404.93  2048  L     true   1332       23.8    23.4 1736728.7  1572.5
    28880   404.95  2048  L     true   973        23.4    24.0 1736335.5  1572.5
    28881   404.97  2048  L     true   1085       24.0    24.3 1735942.4  1572.5
    28882   404.99  2048  L     true   1236       24.3    24.1 1735549.3  1572.5
    28883   405.01  2048  L     false  2404       42.0    24.1 1736380.8  1572.5
    28884   405.03  256   S     false  572        42.0    24.1 1736068.3   884.5
    28885   405.03  256   S     false  589        42.0    24.1 1736460.7   196.6
    28886   405.03  256   S     false  609        42.0    24.1 1736873.2   196.6
    28887   405.03  256   S     false  584        42.0    24.1 1737260.6   196.6
    28888   405.04  256   S     false  608        42.0    24.1 1737672.1   196.6
    28889   405.04  256   S     false  541        42.0    24.1 1738016.5   196.6
    28890   405.04  256   S     false  486        42.0    24.1 1738305.9   196.6
    28891   405.04  256   S     false  530        42.0    24.1 1738639.4   196.6
    28892   405.05  256   S     false  502        42.0    24.1 1738944.8   196.6
    28893   405.05  256   S     false  526        42.0    24.1 1739274.3   196.6
    28894   405.05  256   S     false  598        42.0    24.1 1739675.7   196.6
    28895   405.05  256   S     false  989        42.0    24.1 1740468.1   196.6
    28896   405.06  256   S     false  1062       42.0    24.1 1741333.6   196.6
    28897   405.06  256   S     false  1107       42.0    24.1 1742244.0   196.6
    28898   405.06  256   S     false  1053       42.0    24.1 1743100.5   196.6
    28899   405.07  256   S     false  1095       42.0    24.1 1743998.9   196.6
    28900   405.08  2048  L     false  3140       42.0    24.1 1746254.4   884.5
    28901   405.10  2048  L     true   1287       24.1    23.8 1745861.3  1572.5
    28902   405.12  2048  L     true   1136       23.8    23.9 1745468.1  1572.5
    28903   405.14  2048  L     true   951        23.9    24.6 1745075.0  1572.5
    28904   405.16  2048  L     true   816        24.6    25.6 1744681.9  1572.5
    28905   405.18  2048  L     true   1218       25.6    25.5 1744288.8  1572.5
    28906   405.21  2048  L     true   1294       25.5    25.2 1743895.7  1572.5
    28907   405.23  2048  L     true   1238       25.2    25.0 1743502.5  1572.5
    28908   405.25  2048  L     true   1053       25.0    25.4 1743109.4  1572.5
    28909   405.27  2048  L     true   854        25.4    26.3 1742716.3  1572.5
    28910   405.29  2048  L     true   1183       26.3    26.3 1742323.2  1572.5
    28911   405.31  2048  L     true   1361       26.3    25.8 1741930.1  1572.5
    28912   405.33  2048  L     true   1374       25.8    25.2 1741536.9  1572.5
    28913   405.35  2048  L     true   1444       25.2    24.4 1741143.8  1572.5
    28914   405.38  2048  L     true   1311       24.4    24.1 1740750.7  1572.5
    28915   405.40  2048  L     true   1171       24.1    24.1 1740357.6  1572.5
    28916   405.42  2048  L     true   1105       24.1    24.3 1739964.5  1572.5
    28917   405.44  2048  L     true   1254       24.3    24.1 1739571.3  1572.5
    28918   405.46  2048  L     true   1088       24.1    24.3 1739178.2  1572.5
    28919   405.48  2048  L     true   1076       24.3    24.7 1738785.1  1572.5
    28920   405.50  2048  L     false  1821       42.0    24.7 1739033.6  1572.5
    28921   405.52  256   S     false  881        42.0    24.7 1739030.1   884.5
    28922   405.52  256   S     false  826        42.0    24.7 1739659.5   196.6
    28923   405.52  256   S     false  828        42.0    24.7 1740291.0   196.6
    28924   405.52  256   S     false  815        42.0    24.7 1740909.4   196.6
    28925   405.53  256   S     false  749        42.0    24.7 1741461.9   196.6
    28926   405.53  256   S     false  766        42.0    24.7 1742031.3   196.6
    28927   405.53  256   S     false  710        42.0    24.7 1742544.7   196.6
    28928   405.53  256   S     false  669        42.0    24.7 1743017.2   196.6
    28929   405.54  256   S     false  822        42.0    24.7 1743642.6   196.6
    28930   405.54  256   S     false  849        42.0    24.7 1744295.1   196.6
    28931   405.54  256   S     false  781        42.0    24.7 1744879.5   196.6
    28932   405.55  256   S     false  778        42.0    24.7 1745460.9   196.6
    28933   405.55  256   S     false  852        42.0    24.7 1746116.4   196.6
    28934   405.55  256   S     false  788        42.0    24.7 1746707.8   196.6
    28935   405.55  256   S     false  942        42.0    24.7 1747453.3   196.6
    28936   405.56  256   S     false  901        42.0    24.7 1748157.7   196.6
    28937   405.57  2048  L     false  1491       42.0    24.7 1748764.2   884.5
    28938   405.59  2048  L     true   806        24.7    25.7 1748371.1  1572.5
    28939   405.61  2048  L     true   818        25.7    26.8 1747977.9  1572.5
    28940   405.63  2048  L     true   1018       26.8    27.3 1747584.8  1572.5
    28941   405.65  2048  L     true   1171       27.3    27.3 1747191.7  1572.5
    28942   405.67  2048  L     true   949        27.3    28.0 1746798.6  1572.5
    28943   405.70  2048  L     false  2415       42.0    28.0 1747641.1  1572.5
    28944   405.71  256   S     false  745        42.0    28.0 1747501.6   884.5
    28945   405.71  256   S     false  814        42.0    28.0 1748119.0   196.6
    28946   405.71  256   S     false  891        42.0    28.0 1748813.5   196.6
    28947   405.72  256   S     false  925        42.0    28.0 1749541.9   196.6
    28948   405.72  256   S     false  1046       42.0    28.0 1750391.4   196.6
    28949   405.72  256   S     false  1047       42.0    28.0 1751241.8   196.6
    28950   405.72  256   S     false  1116       42.0    28.0 1752161.2   196.6
    28951   405.73  256   S     false  985        42.0    28.0 1752949.7   196.6
    28952   405.73  256   S     false  881        42.0    28.0 1753634.1   196.6
    28953   405.73  256   S     false  1025       42.0    28.0 1754462.6   196.6
    28954   405.73  256   S     false  1172       42.0    28.0 1755438.0   196.6
    28955   405.74  256   S     false  960        42.0    28.0 1756201.4   196.6
    28956   405.74  256   S     false  921        42.0    28.0 1756925.9   196.6
    28957   405.74  256   S     false  1055       42.0    28.0 1757784.3   196.6
    28958   405.75  256   S     false  1026       42.0    28.0 1758613.8   196.6
    28959   405.75  256   S     false  1019       42.0    28.0 1759436.2   196.6
    28960   405.76  2048  L     false  2294       42.0    28.0 1760845.7   884.5
    28961   405.78  2048  L     true   1664       28.0    26.6 1760452.6  1572.5
    28962   405.80  2048  L     true   1493       26.6    25.6 1760059.4  1572.5
    28963   405.82  2048  L     true   1273       25.6    25.4 1759666.3  1572.5
    28964   405.85  2048  L     true   1274       25.4    25.1 1759273.2  1572.5
    28965   405.87  2048  L     true   1302       25.1    24.7 1758880.1  1572.5
    28966   405.89  2048  L     true   970        24.7    25.3 1758487.0  1572.5
    28967   405.91  2048  L     true   1209       25.3    25.3 1758093.8  1572.5
    28968   405.93  2048  L     true   993        25.3    25.8 1757700.7  1572.5
    28969   405.95  2048  L     true   1177       25.8    25.8 1757307.6  1572.5
    28970   405.97  2048  L     true   1228       25.8    25.7 1756914.5  1572.5
    28971   405.99  2048  L     true   1155       25.7    25.7 1756521.4  1572.5
  sec 471: ours 0.874 ref 0.927
    idx  centre_s  n     kind  steady bits   headroom rate_hr reservoir target
    33801   469.01  2048  L     true   2065       26.3    24.3 2301379.4  1572.5
    33802   469.03  2048  L     true   1732       24.3    22.7 2300986.3  1572.5
    33803   469.06  2048  L     true   1517       22.7    21.7 2300593.1  1572.5
    33804   469.08  2048  L     true   1772       21.7    20.0 2300200.0  1572.5
    33805   469.10  2048  L     true   1367       20.0    19.4 2299806.9  1572.5
    33806   469.12  2048  L     true   1210       19.4    19.4 2299413.8  1572.5
    33807   469.14  2048  L     true   1068       19.4    19.7 2299020.7  1572.5
    33808   469.16  2048  L     true   980        19.7    20.3 2298627.5  1572.5
    33809   469.18  2048  L     true   1022       20.3    20.7 2298234.4  1572.5
    33810   469.21  2048  L     true   1261       20.7    20.5 2297841.3  1572.5
    33811   469.23  2048  L     true   792        20.5    21.6 2297448.2  1572.5
    33812   469.25  2048  L     true   875        21.6    22.5 2297055.1  1572.5
    33813   469.27  2048  L     true   1017       22.5    23.0 2296661.9  1572.5
    33814   469.29  2048  L     true   1428       23.0    22.3 2296268.8  1572.5
    33815   469.31  2048  L     true   1186       22.3    22.2 2295875.7  1572.5
    33816   469.33  2048  L     true   1037       22.2    22.7 2295482.6  1572.5
    33817   469.35  2048  L     true   1129       22.7    22.8 2295089.5  1572.5
    33818   469.38  2048  L     true   879        22.8    23.7 2294696.3  1572.5
    33819   469.40  2048  L     true   998        23.7    24.2 2294303.2  1572.5
    33820   469.42  2048  L     true   982        24.2    24.8 2293910.1  1572.5
    33821   469.44  2048  L     true   954        24.8    25.5 2293517.0  1572.5
    33822   469.46  2048  L     true   926        25.5    26.2 2293123.9  1572.5
    33823   469.48  2048  L     true   1869       26.2    24.2 2292730.7  1572.5
    33824   469.50  2048  L     true   1509       24.2    23.2 2292337.6  1572.5
    33825   469.53  2048  L     true   1116       23.2    23.4 2291944.5  1572.5
    33826   469.55  2048  L     true   1078       23.4    23.7 2291551.4  1572.5
    33827   469.57  2048  L     true   1019       23.7    24.2 2291158.3  1572.5
    33828   469.59  2048  L     true   1451       24.2    23.4 2290765.1  1572.5
    33829   469.61  2048  L     true   1041       23.4    23.8 2290372.0  1572.5
    33830   469.63  2048  L     true   1183       23.8    23.8 2289978.9  1572.5
    33831   469.65  2048  L     true   1244       23.8    23.6 2289585.8  1572.5
    33832   469.67  2048  L     true   1248       23.6    23.4 2289192.7  1572.5
    33833   469.70  2048  L     true   1325       23.4    23.0 2288799.5  1572.5
    33834   469.72  2048  L     true   1037       23.0    23.4 2288406.4  1572.5
    33835   469.74  2048  L     true   979        23.4    24.0 2288013.3  1572.5
    33836   469.76  2048  L     true   1078       24.0    24.3 2287620.2  1572.5
    33837   469.78  2048  L     true   1630       24.3    22.9 2287227.1  1572.5
    33838   469.80  2048  L     true   1551       22.9    21.9 2286834.0  1572.5
    33839   469.82  2048  L     true   1563       21.9    20.7 2286440.8  1572.5
    33840   469.85  2048  L     true   1359       20.7    20.2 2286047.7  1572.5
    33841   469.87  2048  L     true   1317       20.2    19.8 2285654.6  1572.5
    33842   469.89  2048  L     true   989        19.8    20.4 2285261.5  1572.5
    33843   469.91  2048  L     true   820        20.4    21.4 2284868.4  1572.5
    33844   469.93  2048  L     true   697        21.4    22.8 2284475.2  1572.5
    33845   469.95  2048  L     true   638        22.8    24.4 2284082.1  1572.5
    33846   469.97  2048  L     true   1141       24.4    24.5 2283689.0  1572.5
    33847   469.99  2048  L     true   1124       24.5    24.7 2283295.9  1572.5
    33848   470.02  2048  L     true   928        24.7    25.4 2282902.8  1572.5
    33849   470.04  2048  L     true   535        25.4    27.3 2282509.6  1572.5
    33850   470.06  2048  L     true   528        27.3    29.2 2282116.5  1572.5
    33851   470.08  2048  L     true   596        29.2    30.9 2281723.4  1572.5
    33852   470.10  2048  L     false  1135       42.0    30.9 2281285.9  1572.5
    33853   470.11  256   S     false  470        42.0    30.9 2280871.4   884.5
    33854   470.12  256   S     false  593        42.0    30.9 2281267.8   196.6
    33855   470.12  256   S     false  947        42.0    30.9 2282018.3   196.6
    33856   470.12  256   S     false  615        42.0    30.9 2282436.7   196.6
    33857   470.12  256   S     false  508        42.0    30.9 2282748.2   196.6
    33858   470.13  256   S     false  835        42.0    30.9 2283386.6   196.6
    33859   470.13  256   S     false  774        42.0    30.9 2283964.0   196.6
    33860   470.13  256   S     false  750        42.0    30.9 2284517.5   196.6
    33861   470.13  256   S     false  1030       42.0    30.9 2285350.9   196.6
    33862   470.14  256   S     false  934        42.0    30.9 2286088.4   196.6
    33863   470.14  256   S     false  1066       42.0    30.9 2286957.8   196.6
    33864   470.14  256   S     false  1009       42.0    30.9 2287770.2   196.6
    33865   470.15  256   S     false  1012       42.0    30.9 2288585.7   196.6
    33866   470.15  256   S     false  1016       42.0    30.9 2289405.1   196.6
    33867   470.15  256   S     false  1090       42.0    30.9 2290298.6   196.6
    33868   470.15  256   S     false  1127       42.0    30.9 2291229.0   196.6
    33869   470.17  2048  L     false  2348       42.0    30.9 2292692.5   884.5
    33870   470.19  2048  L     true   2077       30.9    28.9 2292299.4  1572.5
    33871   470.21  2048  L     true   2104       28.9    26.9 2291906.2  1572.5
    33872   470.23  2048  L     true   1014       26.9    27.4 2291513.1  1572.5
    33873   470.25  2048  L     true   1258       27.4    27.2 2291120.0  1572.5
    33874   470.27  2048  L     true   1950       27.2    25.2 2290726.9  1572.5
    33875   470.29  2048  L     true   1494       25.2    24.3 2290333.8  1572.5
    33876   470.31  2048  L     true   1086       24.3    24.5 2289940.6  1572.5
    33877   470.34  2048  L     true   1055       24.5    24.9 2289547.5  1572.5
    33878   470.36  2048  L     true   1372       24.9    24.3 2289154.4  1572.5
    33879   470.38  2048  L     true   1303       24.3    24.0 2288761.3  1572.5
    33880   470.40  2048  L     true   1646       24.0    22.6 2288368.2  1572.5
    33881   470.42  2048  L     true   1248       22.6    22.4 2287975.0  1572.5
    33882   470.44  2048  L     true   1524       22.4    21.4 2287581.9  1572.5
    33883   470.46  2048  L     true   1159       21.4    21.5 2287188.8  1572.5
    33884   470.49  2048  L     true   831        21.5    22.5 2286795.7  1572.5
    33885   470.51  2048  L     true   862        22.5    23.4 2286402.6  1572.5
    33886   470.53  2048  L     true   904        23.4    24.2 2286009.4  1572.5
    33887   470.55  2048  L     true   1210       24.2    24.1 2285616.3  1572.5
    33888   470.57  2048  L     true   1626       24.1    22.8 2285223.2  1572.5
    33889   470.59  2048  L     true   1154       22.8    22.9 2284830.1  1572.5
    33890   470.61  2048  L     true   1055       22.9    23.2 2284437.0  1572.5
    33891   470.63  2048  L     true   1738       23.2    21.6 2284043.8  1572.5
    33892   470.66  2048  L     true   1307       21.6    21.2 2283650.7  1572.5
    33893   470.68  2048  L     true   1623       21.2    19.9 2283257.6  1572.5
    33894   470.70  2048  L     true   1730       19.9    18.3 2282864.5  1572.5
    33895   470.72  2048  L     true   1099       18.3    18.6 2282471.4  1572.5
    33896   470.74  2048  L     true   907        18.6    19.4 2282078.2  1572.5
    33897   470.76  2048  L     true   794        19.4    20.5 2281685.1  1572.5
    33898   470.78  2048  L     true   862        20.5    21.4 2281292.0  1572.5
    33899   470.81  2048  L     true   1467       21.4    20.6 2280898.9  1572.5
    33900   470.83  2048  L     true   1596       20.6    19.4 2280505.8  1572.5
    33901   470.85  2048  L     true   1140       19.4    19.5 2280112.6  1572.5
    33902   470.87  2048  L     true   1230       19.5    19.3 2279719.5  1572.5
    33903   470.89  2048  L     true   1026       19.3    19.8 2279326.4  1572.5
    33904   470.91  2048  L     true   1122       19.8    19.9 2278933.3  1572.5
    33905   470.93  2048  L     true   929        19.9    20.7 2278540.2  1572.5
    33906   470.95  2048  L     true   940        20.7    21.4 2278147.1  1572.5
    33907   470.98  2048  L     true   1027       21.4    21.8 2277753.9  1572.5
    33908   471.00  2048  L     true   1026       21.8    22.3 2277360.8  1572.5
    33909   471.02  2048  L     true   1463       22.3    21.4 2276967.7  1572.5
    33910   471.04  2048  L     true   1388       21.4    20.8 2276574.6  1572.5
    33911   471.06  2048  L     true   1128       20.8    21.0 2276181.5  1572.5
    33912   471.08  2048  L     true   1153       21.0    21.1 2275788.3  1572.5
    33913   471.10  2048  L     true   1469       21.1    20.2 2275395.2  1572.5
    33914   471.13  2048  L     true   1092       20.2    20.5 2275002.1  1572.5
    33915   471.15  2048  L     true   1139       20.5    20.6 2274609.0  1572.5
    33916   471.17  2048  L     true   1166       20.6    20.6 2274215.9  1572.5
    33917   471.19  2048  L     true   1202       20.6    20.6 2273822.7  1572.5
    33918   471.21  2048  L     true   961        20.6    21.2 2273429.6  1572.5
    33919   471.23  2048  L     true   1073       21.2    21.5 2273036.5  1572.5
    33920   471.25  2048  L     true   871        21.5    22.4 2272643.4  1572.5
    33921   471.27  2048  L     true   1183       22.4    22.4 2272250.3  1572.5
    33922   471.30  2048  L     true   1359       22.4    21.9 2271857.1  1572.5
    33923   471.32  2048  L     true   1274       21.9    21.6 2271464.0  1572.5
    33924   471.34  2048  L     true   1171       21.6    21.6 2271070.9  1572.5
    33925   471.36  2048  L     true   1225       21.6    21.5 2270677.8  1572.5
    33926   471.38  2048  L     true   1273       21.5    21.2 2270284.7  1572.5
    33927   471.40  2048  L     true   1044       21.2    21.6 2269891.5  1572.5
    33928   471.42  2048  L     true   1113       21.6    21.8 2269498.4  1572.5
    33929   471.45  2048  L     true   1143       21.8    21.9 2269105.3  1572.5
    33930   471.47  2048  L     true   1156       21.9    22.0 2268712.2  1572.5
    33931   471.49  2048  L     true   1022       22.0    22.4 2268319.1  1572.5
    33932   471.51  2048  L     true   1202       22.4    22.4 2267925.9  1572.5
    33933   471.53  2048  L     true   1067       22.4    22.7 2267532.8  1572.5
    33934   471.55  2048  L     true   907        22.7    23.5 2267139.7  1572.5
    33935   471.57  2048  L     true   752        23.5    24.7 2266746.6  1572.5
    33936   471.59  2048  L     true   618        24.7    26.4 2266353.5  1572.5
    33937   471.62  2048  L     true   842        26.4    27.4 2265960.3  1572.5
    33938   471.64  2048  L     true   954        27.4    28.0 2265567.2  1572.5
    33939   471.66  2048  L     true   709        28.0    29.4 2265174.1  1572.5
    33940   471.68  2048  L     true   597        29.4    31.1 2264781.0  1572.5
    33941   471.70  2048  L     true   667        31.1    32.6 2264387.9  1572.5
    33942   471.72  2048  L     true   700        32.6    34.0 2263994.7  1572.5
    33943   471.74  2048  L     true   803        34.0    35.1 2263601.6  1572.5
    33944   471.77  2048  L     true   774        35.1    36.3 2263208.5  1572.5
    33945   471.79  2048  L     true   886        36.3    37.2 2262815.4  1572.5
    33946   471.81  2048  L     true   847        37.2    38.2 2262422.3  1572.5
    33947   471.83  2048  L     true   905        38.2    39.0 2262029.1  1572.5
    33948   471.85  2048  L     true   982        39.0    39.5 2261636.0  1572.5
    33949   471.87  2048  L     true   980        39.5    40.1 2261242.9  1572.5
    33950   471.89  2048  L     true   1059       40.1    40.5 2260849.8  1572.5
    33951   471.91  2048  L     true   1059       40.5    40.8 2260456.7  1572.5
    33952   471.94  2048  L     true   1117       40.8    41.0 2260063.5  1572.5
    33953   471.96  2048  L     true   1353       41.0    40.5 2259670.4  1572.5
    33954   471.98  2048  L     true   1581       40.5    39.3 2259277.3  1572.5
    33955   472.00  2048  L     true   973        39.3    39.9 2258884.2  1572.5
    33956   472.02  2048  L     true   1095       39.9    40.2 2258491.1  1572.5
    33957   472.04  2048  L     false  1170       42.0    40.2 2258088.6  1572.5
    33958   472.05  256   S     false  473        42.0    40.2 2257677.1   884.5
    33959   472.06  256   S     false  477        42.0    40.2 2257957.5   196.6
    33960   472.06  256   S     false  478        42.0    40.2 2258238.9   196.6
    33961   472.06  256   S     false  441        42.0    40.2 2258483.4   196.6
    33962   472.07  256   S     false  479        42.0    40.2 2258765.8   196.6
    33963   472.07  256   S     false  519        42.0    40.2 2259088.3   196.6
    33964   472.07  256   S     false  505        42.0    40.2 2259396.7   196.6
    33965   472.07  256   S     false  459        42.0    40.2 2259659.2   196.6
    33966   472.08  256   S     false  520        42.0    40.2 2259982.6   196.6
    33967   472.08  256   S     false  868        42.0    40.2 2260654.0   196.6
    33968   472.08  256   S     false  815        42.0    40.2 2261272.5   196.6
    33969   472.08  256   S     false  692        42.0    40.2 2261767.9   196.6
    33970   472.09  256   S     false  919        42.0    40.2 2262490.4   196.6
    33971   472.09  256   S     false  887        42.0    40.2 2263180.8   196.6
    33972   472.09  256   S     false  797        42.0    40.2 2263781.2   196.6
    33973   472.09  256   S     false  898        42.0    40.2 2264482.7   196.6
    33974   472.11  2048  L     false  2515       42.0    40.2 2266113.2   884.5
    33975   472.13  2048  L     true   2221       40.2    38.2 2265720.0  1572.5
    33976   472.15  2048  L     true   1957       38.2    36.2 2265326.9  1572.5
    33977   472.17  2048  L     true   1310       36.2    35.8 2264933.8  1572.5
    33978   472.19  2048  L     true   1695       35.8    34.3 2264540.7  1572.5
    33979   472.21  2048  L     true   1793       34.3    32.5 2264147.6  1572.5
    33980   472.23  2048  L     true   1381       32.5    31.9 2263754.4  1572.5
    33981   472.26  2048  L     true   1591       31.9    30.7 2263361.3  1572.5
    33982   472.28  2048  L     true   1619       30.7    29.4 2262968.2  1572.5
    33983   472.30  2048  L     true   1474       29.4    28.5 2262575.1  1572.5
    33984   472.32  2048  L     true   1639       28.5    27.2 2262182.0  1572.5
    33985   472.34  2048  L     true   1374       27.2    26.6 2261788.8  1572.5
    33986   472.36  2048  L     true   1299       26.6    26.3 2261395.7  1572.5
    33987   472.38  2048  L     true   1147       26.3    26.4 2261002.6  1572.5
    33988   472.41  2048  L     true   2021       26.4    24.4 2260609.5  1572.5
    33989   472.43  2048  L     true   1752       24.4    22.7 2260216.4  1572.5
    33990   472.45  2048  L     true   1761       22.7    21.0 2259823.2  1572.5
    33991   472.47  2048  L     true   1149       21.0    21.1 2259430.1  1572.5
    33992   472.49  2048  L     false  1726       42.0    21.1 2259583.6  1572.5
    33993   472.50  256   S     false  548        42.0    21.1 2259247.1   884.5
    33994   472.51  256   S     false  502        42.0    21.1 2259552.6   196.6
    33995   472.51  256   S     false  456        42.0    21.1 2259812.0   196.6
    33996   472.51  256   S     false  514        42.0    21.1 2260129.4   196.6
    33997   472.51  256   S     false  543        42.0    21.1 2260475.9   196.6
    33998   472.52  256   S     false  902        42.0    21.1 2261181.3   196.6
    33999   472.52  256   S     false  951        42.0    21.1 2261935.8   196.6
    34000   472.52  256   S     false  898        42.0    21.1 2262637.2   196.6
    34001   472.52  256   S     false  1031       42.0    21.1 2263471.6   196.6
    34002   472.53  256   S     false  1124       42.0    21.1 2264399.1   196.6
    34003   472.53  256   S     false  1065       42.0    21.1 2265267.5   196.6
    34004   472.53  256   S     false  1003       42.0    21.1 2266074.0   196.6
    34005   472.53  256   S     false  1077       42.0    21.1 2266954.4   196.6
    34006   472.54  256   S     false  1075       42.0    21.1 2267832.8   196.6
    34007   472.54  256   S     false  1017       42.0    21.1 2268653.3   196.6
    34008   472.54  256   S     false  1064       42.0    21.1 2269520.7   196.6
    34009   472.55  2048  L     false  2084       42.0    21.1 2270720.2   884.5
    34010   472.58  2048  L     true   1218       21.1    21.0 2270327.1  1572.5
    34011   472.60  2048  L     true   946        21.0    21.6 2269934.0  1572.5
    34012   472.62  2048  L     true   1710       21.6    20.1 2269540.8  1572.5
    34013   472.64  2048  L     true   1459       20.1    19.3 2269147.7  1572.5
    34014   472.66  2048  L     true   1180       19.3    19.3 2268754.6  1572.5
    34015   472.68  2048  L     true   1439       19.3    18.5 2268361.5  1572.5
    34016   472.70  2048  L     true   1365       18.5    18.0 2267968.4  1572.5
    34017   472.73  2048  L     false  2238       42.0    18.0 2268633.9  1572.5
    34018   472.74  256   S     false  700        42.0    18.0 2268449.4   884.5
    34019   472.74  256   S     false  730        42.0    18.0 2268982.8   196.6
    34020   472.74  256   S     false  649        42.0    18.0 2269435.2   196.6
    34021   472.75  256   S     false  663        42.0    18.0 2269901.7   196.6
    34022   472.75  256   S     false  656        42.0    18.0 2270361.1   196.6
    34023   472.75  256   S     false  614        42.0    18.0 2270778.6   196.6
    34024   472.75  256   S     false  609        42.0    18.0 2271191.0   196.6
    34025   472.76  256   S     false  571        42.0    18.0 2271565.4   196.6
    34026   472.76  256   S     false  593        42.0    18.0 2271961.9   196.6
    34027   472.76  256   S     false  563        42.0    18.0 2272328.3   196.6
    34028   472.76  256   S     false  791        42.0    18.0 2272922.8   196.6
    34029   472.77  256   S     false  1034       42.0    18.0 2273760.2   196.6
    34030   472.77  256   S     false  1220       42.0    18.0 2274783.6   196.6
    34031   472.77  256   S     false  1072       42.0    18.0 2275659.1   196.6
    34032   472.77  256   S     false  1103       42.0    18.0 2276565.5   196.6
    34033   472.78  256   S     false  1162       42.0    18.0 2277531.0   196.6
    34034   472.79  2048  L     false  2676       42.0    18.0 2279322.5   884.5
    34035   472.81  2048  L     true   823        18.0    19.0 2278929.3  1572.5
    34036   472.83  2048  L     true   905        19.0    19.8 2278536.2  1572.5
    34037   472.85  2048  L     true   880        19.8    20.7 2278143.1  1572.5
    34038   472.87  2048  L     true   892        20.7    21.5 2277750.0  1572.5
    34039   472.90  2048  L     true   937        21.5    22.2 2277356.9  1572.5
    34040   472.92  2048  L     true   1092       22.2    22.5 2276963.7  1572.5
    34041   472.94  2048  L     true   1170       22.5    22.5 2276570.6  1572.5
    34042   472.96  2048  L     true   1222       22.5    22.4 2276177.5  1572.5
    34043   472.98  2048  L     true   1059       22.4    22.7 2275784.4  1572.5
    34044   473.00  2048  L     true   1332       22.7    22.3 2275391.3  1572.5
    34045   473.02  2048  L     true   1159       22.3    22.4 2274998.1  1572.5
    34046   473.05  2048  L     true   1185       22.4    22.3 2274605.0  1572.5
    34047   473.07  2048  L     true   1093       22.3    22.6 2274211.9  1572.5
    34048   473.09  2048  L     true   1166       22.6    22.6 2273818.8  1572.5
    34049   473.11  2048  L     true   1135       22.6    22.8 2273425.7  1572.5
    34050   473.13  2048  L     true   1132       22.8    22.9 2273032.5  1572.5
    34051   473.15  2048  L     true   1114       22.9    23.1 2272639.4  1572.5
    34052   473.17  2048  L     true   1122       23.1    23.3 2272246.3  1572.5
    34053   473.19  2048  L     true   1088       23.3    23.5 2271853.2  1572.5
    34054   473.22  2048  L     true   1120       23.5    23.7 2271460.1  1572.5
    34055   473.24  2048  L     true   1032       23.7    24.1 2271066.9  1572.5
    34056   473.26  2048  L     true   1019       24.1    24.6 2270673.8  1572.5
    34057   473.28  2048  L     true   1070       24.6    24.9 2270280.7  1572.5
    34058   473.30  2048  L     true   1099       24.9    25.2 2269887.6  1572.5
    34059   473.32  2048  L     true   1137       25.2    25.3 2269494.5  1572.5
    34060   473.34  2048  L     true   1520       25.3    24.3 2269101.3  1572.5
    34061   473.37  2048  L     true   1584       24.3    23.1 2268708.2  1572.5
    34062   473.39  2048  L     true   1385       23.1    22.5 2268315.1  1572.5
    34063   473.41  2048  L     true   1485       22.5    21.6 2267922.0  1572.5
    34064   473.43  2048  L     true   1640       21.6    20.3 2267528.9  1572.5
    34065   473.45  2048  L     true   1665       20.3    18.8 2267135.7  1572.5
    34066   473.47  2048  L     true   1147       18.8    18.9 2266742.6  1572.5
    34067   473.49  2048  L     true   1220       18.9    18.8 2266349.5  1572.5
    34068   473.51  2048  L     true   886        18.8    19.7 2265956.4  1572.5
    34069   473.54  2048  L     true   1106       19.7    19.9 2265563.3  1572.5
    34070   473.56  2048  L     true   1457       19.9    19.1 2265170.1  1572.5
    34071   473.58  2048  L     false  3063       42.0    19.1 2266660.7  1572.5
    34072   473.59  256   S     false  961        42.0    19.1 2266737.1   884.5
    34073   473.59  256   S     false  931        42.0    19.1 2267471.6   196.6
    34074   473.60  256   S     false  913        42.0    19.1 2268188.0   196.6
    34075   473.60  256   S     false  825        42.0    19.1 2268816.5   196.6
    34076   473.60  256   S     false  804        42.0    19.1 2269423.9   196.6
    34077   473.60  256   S     false  790        42.0    19.1 2270017.3   196.6
    34078   473.61  256   S     false  758        42.0    19.1 2270578.8   196.6
    34079   473.61  256   S     false  778        42.0    19.1 2271160.2   196.6
    34080   473.61  256   S     false  760        42.0    19.1 2271723.7   196.6
    34081   473.61  256   S     false  688        42.0    19.1 2272215.1   196.6
    34082   473.62  256   S     false  1129       42.0    19.1 2273147.5   196.6
    34083   473.62  256   S     false  1131       42.0    19.1 2274082.0   196.6
    34084   473.62  256   S     false  957        42.0    19.1 2274842.4   196.6
    34085   473.63  256   S     false  1152       42.0    19.1 2275797.9   196.6
    34086   473.63  256   S     false  1043       42.0    19.1 2276644.3   196.6
    34087   473.63  256   S     false  1081       42.0    19.1 2277528.7   196.6
    34088   473.64  2048  L     false  2320       42.0    19.1 2278964.2   884.5
    34089   473.66  2048  L     true   730        19.1    20.4 2278571.1  1572.5
    34090   473.69  2048  L     true   754        20.4    21.6 2278178.0  1572.5
    34091   473.71  2048  L     true   799        21.6    22.7 2277784.9  1572.5
    34092   473.73  2048  L     true   962        22.7    23.4 2277391.7  1572.5
    34093   473.75  2048  L     true   883        23.4    24.3 2276998.6  1572.5
    34094   473.77  2048  L     true   956        24.3    24.9 2276605.5  1572.5
    34095   473.79  2048  L     true   968        24.9    25.5 2276212.4  1572.5
    34096   473.81  2048  L     true   990        25.5    26.1 2275819.3  1572.5
    34097   473.83  2048  L     true   1301       26.1    25.7 2275426.2  1572.5
    34098   473.86  2048  L     true   1079       25.7    26.0 2275033.0  1572.5
    34099   473.88  2048  L     true   1189       26.0    26.0 2274639.9  1572.5
    34100   473.90  2048  L     true   1097       26.0    26.2 2274246.8  1572.5
    34101   473.92  2048  L     true   1221       26.2    26.1 2273853.7  1572.5
    34102   473.94  2048  L     true   1146       26.1    26.2 2273460.6  1572.5
    34103   473.96  2048  L     true   1205       26.2    26.1 2273067.4  1572.5
    34104   473.98  2048  L     true   1457       26.1    25.3 2272674.3  1572.5

=== sadie@128k  rate -3.32%  gap 0.0030  dropouts 0 ===

=== hein@96k  rate -1.75%  gap 0.0045  dropouts 2 ===
  sec 85: ours 0.897 ref 0.961
    idx  centre_s  n     kind  steady bits   headroom rate_hr reservoir target
    5333    83.01  2048  L     true   909        20.7    21.5   74222.3  1568.8
    5334    83.03  2048  L     true   1048       21.5    21.9   73830.1  1568.8
    5335    83.05  2048  L     true   876        21.9    22.7   73437.9  1568.8
    5336    83.07  2048  L     true   1147       22.7    22.8   73045.7  1568.8
    5337    83.09  2048  L     false  1552       42.0    22.8   73028.9  1568.8
    5338    83.11  256   S     false  844        42.0    22.8   72990.4   882.5
    5339    83.11  256   S     false  676        42.0    22.8   73470.3   196.1
    5340    83.11  256   S     false  617        42.0    22.8   73891.2   196.1
    5341    83.11  256   S     false  659        42.0    22.8   74354.1   196.1
    5342    83.12  256   S     false  586        42.0    22.8   74744.0   196.1
    5343    83.12  256   S     false  743        42.0    22.8   75290.9   196.1
    5344    83.12  256   S     false  870        42.0    22.8   75964.8   196.1
    5345    83.12  256   S     false  911        42.0    22.8   76679.7   196.1
    5346    83.13  256   S     false  815        42.0    22.8   77298.6   196.1
    5347    83.13  256   S     false  786        42.0    22.8   77888.5   196.1
    5348    83.13  256   S     false  680        42.0    22.8   78372.4   196.1
    5349    83.13  256   S     false  839        42.0    22.8   79015.3   196.1
    5350    83.14  256   S     false  839        42.0    22.8   79658.2   196.1
    5351    83.14  256   S     false  853        42.0    22.8   80315.1   196.1
    5352    83.14  256   S     false  851        42.0    22.8   80970.0   196.1
    5353    83.15  256   S     false  1072       42.0    22.8   81845.9   196.1
    5354    83.16  2048  L     false  1957       42.0    22.8   82920.5   882.5
    5355    83.18  2048  L     true   1047       22.8    23.2   82528.3  1568.8
    5356    83.20  2048  L     true   1154       23.2    23.3   82136.1  1568.8
    5357    83.22  2048  L     true   1165       23.3    23.3   81743.9  1568.8
    5358    83.24  2048  L     true   1171       23.3    23.3   81351.7  1568.8
    5359    83.26  2048  L     true   1271       23.3    23.0   80959.5  1568.8
    5360    83.29  2048  L     true   1261       23.0    22.8   80567.3  1568.8
    5361    83.31  2048  L     true   1073       22.8    23.1   80175.0  1568.8
    5362    83.33  2048  L     true   1087       23.1    23.4   79782.8  1568.8
    5363    83.35  2048  L     true   1016       23.4    23.8   79390.6  1568.8
    5364    83.37  2048  L     true   1149       23.8    23.9   78998.4  1568.8
    5365    83.39  2048  L     true   1118       23.9    24.1   78606.2  1568.8
    5366    83.41  2048  L     true   1500       24.1    23.1   78214.0  1568.8
    5367    83.43  2048  L     true   638        23.1    24.7   77821.8  1568.8
    5368    83.46  2048  L     false  930        42.0    24.7   77183.0  1568.8
    5369    83.47  256   S     false  396        42.0    24.7   76696.6   882.5
    5370    83.47  256   S     false  379        42.0    24.7   76879.5   196.1
    5371    83.47  256   S     false  342        42.0    24.7   77025.4   196.1
    5372    83.48  256   S     false  438        42.0    24.7   77267.3   196.1
    5373    83.48  256   S     false  462        42.0    24.7   77533.2   196.1
    5374    83.48  256   S     false  504        42.0    24.7   77841.1   196.1
    5375    83.48  256   S     false  722        42.0    24.7   78367.0   196.1
    5376    83.49  256   S     false  917        42.0    24.7   79087.9   196.1
    5377    83.49  256   S     false  938        42.0    24.7   79829.8   196.1
    5378    83.49  256   S     false  942        42.0    24.7   80575.7   196.1
    5379    83.49  256   S     false  806        42.0    24.7   81185.6   196.1
    5380    83.50  256   S     false  1001       42.0    24.7   81990.5   196.1
    5381    83.50  256   S     false  940        42.0    24.7   82734.4   196.1
    5382    83.50  256   S     false  871        42.0    24.7   83409.3   196.1
    5383    83.51  256   S     false  951        42.0    24.7   84164.2   196.1
    5384    83.51  256   S     false  938        42.0    24.7   84906.1   196.1
    5385    83.52  2048  L     false  2374       42.0    24.7   86397.6   882.5
    5386    83.54  2048  L     true   1250       24.7    24.5   86005.4  1568.8
    5387    83.56  2048  L     true   1220       24.5    24.4   85613.2  1568.8
    5388    83.58  2048  L     true   1348       24.4    23.9   85221.0  1568.8
    5389    83.61  2048  L     true   1211       23.9    23.8   84828.8  1568.8
    5390    83.63  2048  L     true   1136       23.8    23.9   84436.6  1568.8
    5391    83.65  2048  L     true   1212       23.9    23.8   84044.4  1568.8
    5392    83.67  2048  L     true   1091       23.8    24.0   83652.2  1568.8
    5393    83.69  2048  L     true   1200       24.0    24.0   83260.0  1568.8
    5394    83.71  2048  L     true   1234       24.0    23.8   82867.8  1568.8
    5395    83.73  2048  L     true   1147       23.8    23.9   82475.6  1568.8
    5396    83.75  2048  L     true   1104       23.9    24.1   82083.4  1568.8
    5397    83.78  2048  L     true   1116       24.1    24.3   81691.2  1568.8
    5398    83.80  2048  L     true   1366       24.3    23.7   81299.0  1568.8
    5399    83.82  2048  L     true   1206       23.7    23.6   80906.8  1568.8
    5400    83.84  2048  L     true   1386       23.6    23.0   80514.6  1568.8
    5401    83.86  2048  L     true   1432       23.0    22.3   80122.4  1568.8
    5402    83.88  2048  L     true   1265       22.3    22.0   79730.2  1568.8
    5403    83.90  2048  L     true   1196       22.0    22.0   79338.0  1568.8
    5404    83.93  2048  L     true   1124       22.0    22.1   78945.8  1568.8
    5405    83.95  2048  L     true   772        22.1    23.3   78553.6  1568.8
    5406    83.97  2048  L     true   583        23.3    25.0   78161.4  1568.8
    5407    83.99  2048  L     true   687        25.0    26.5   77769.2  1568.8
    5408    84.01  2048  L     true   1050       26.5    26.8   77377.0  1568.8
    5409    84.03  2048  L     true   1408       26.8    26.2   76984.8  1568.8
    5410    84.05  2048  L     true   1489       26.2    25.2   76592.6  1568.8
    5411    84.07  2048  L     true   1320       25.2    24.8   76200.3  1568.8
    5412    84.10  2048  L     true   1371       24.8    24.3   75808.1  1568.8
    5413    84.12  2048  L     true   1372       24.3    23.7   75415.9  1568.8
    5414    84.14  2048  L     true   1315       23.7    23.3   75023.7  1568.8
    5415    84.16  2048  L     true   1186       23.3    23.2   74631.5  1568.8
    5416    84.18  2048  L     true   1140       23.2    23.4   74239.3  1568.8
    5417    84.20  2048  L     true   1326       23.4    22.9   73847.1  1568.8
    5418    84.22  2048  L     true   1187       22.9    22.9   73454.9  1568.8
    5419    84.25  2048  L     true   1104       22.9    23.1   73062.7  1568.8
    5420    84.27  2048  L     true   1016       23.1    23.6   72670.5  1568.8
    5421    84.29  2048  L     true   1328       23.6    23.1   72278.3  1568.8
    5422    84.31  2048  L     true   1064       23.1    23.5   71886.1  1568.8
    5423    84.33  2048  L     true   1102       23.5    23.7   71493.9  1568.8
    5424    84.35  2048  L     true   1097       23.7    23.9   71101.7  1568.8
    5425    84.37  2048  L     true   1252       23.9    23.7   70709.5  1568.8
    5426    84.39  2048  L     true   1076       23.7    24.0   70317.3  1568.8
    5427    84.42  2048  L     true   644        24.0    25.5   69925.1  1568.8
    5428    84.44  2048  L     true   654        25.5    27.1   69532.9  1568.8
    5429    84.46  2048  L     true   478        27.1    29.1   69140.7  1568.8
    5430    84.48  2048  L     true   433        29.1    31.1   68748.5  1568.8
    5431    84.50  2048  L     true   521        31.1    33.0   68356.3  1568.8
    5432    84.52  2048  L     true   631        33.0    34.6   67964.1  1568.8
    5433    84.54  2048  L     true   743        34.6    35.9   67571.9  1568.8
    5434    84.57  2048  L     true   653        35.9    37.4   67179.7  1568.8
    5435    84.59  2048  L     true   637        37.4    39.0   66787.5  1568.8
    5436    84.61  2048  L     true   911        39.0    39.8   66395.3  1568.8
    5437    84.63  2048  L     true   1644       39.8    38.4   66003.1  1568.8
    5438    84.65  2048  L     true   1761       38.4    36.7   65610.9  1568.8
    5439    84.67  2048  L     true   1564       36.7    35.5   65218.7  1568.8
    5440    84.69  2048  L     true   1257       35.5    35.3   64826.5  1568.8
    5441    84.71  2048  L     true   2662       35.3    33.3   64434.3  1568.8
    5442    84.74  2048  L     true   2828       33.3    31.3   64042.1  1568.8
    5443    84.76  2048  L     true   2047       31.3    29.3   63649.9  1568.8
    5444    84.78  2048  L     true   1595       29.3    28.1   63257.7  1568.8
    5445    84.80  2048  L     true   1383       28.1    27.5   62865.5  1568.8
    5446    84.82  2048  L     true   2024       27.5    25.5   62473.3  1568.8
    5447    84.84  2048  L     true   1847       25.5    23.5   62081.1  1568.8
    5448    84.86  2048  L     true   1149       23.5    23.6   61688.9  1568.8
    5449    84.89  2048  L     true   1184       23.6    23.6   61296.7  1568.8
    5450    84.91  2048  L     true   1149       23.6    23.7   60904.5  1568.8
    5451    84.93  2048  L     true   1273       23.7    23.4   60512.3  1568.8
    5452    84.95  2048  L     true   1507       23.4    22.4   60120.1  1568.8
    5453    84.97  2048  L     true   1377       22.4    21.8   59727.9  1568.8
    5454    84.99  2048  L     true   1421       21.8    21.1   59335.7  1568.8
    5455    85.01  2048  L     true   1385       21.1    20.5   58943.5  1568.8
    5456    85.03  2048  L     true   1036       20.5    20.9   58551.3  1568.8
    5457    85.06  2048  L     true   825        20.9    21.9   58159.1  1568.8
    5458    85.08  2048  L     true   938        21.9    22.6   57766.9  1568.8
    5459    85.10  2048  L     true   931        22.6    23.3   57374.6  1568.8
    5460    85.12  2048  L     true   1463       23.3    22.5   56982.4  1568.8
    5461    85.14  2048  L     true   2140       22.5    20.5   56590.2  1568.8
    5462    85.16  2048  L     true   1682       20.5    19.0   56198.0  1568.8
    5463    85.18  2048  L     true   1510       19.0    18.1   55805.8  1568.8
    5464    85.21  2048  L     true   1470       18.1    17.2   55413.6  1568.8
    5465    85.23  2048  L     true   1011       17.2    17.7   55021.4  1568.8
    5466    85.25  2048  L     true   725        17.7    19.0   54629.2  1568.8
    5467    85.27  2048  L     true   805        19.0    20.1   54237.0  1568.8
    5468    85.29  2048  L     true   875        20.1    21.0   53844.8  1568.8
    5469    85.31  2048  L     true   1096       21.0    21.2   53452.6  1568.8
    5470    85.33  2048  L     true   1067       21.2    21.5   53060.4  1568.8
    5471    85.35  2048  L     true   1068       21.5    21.8   52668.2  1568.8
    5472    85.38  2048  L     true   1488       21.8    20.9   52276.0  1568.8
    5473    85.40  2048  L     true   1827       20.9    19.0   51883.8  1568.8
    5474    85.42  2048  L     true   1357       19.0    18.5   51491.6  1568.8
    5475    85.44  2048  L     true   1269       18.5    18.2   51099.4  1568.8
    5476    85.46  2048  L     true   1128       18.2    18.4   50707.2  1568.8
    5477    85.48  2048  L     true   1017       18.4    18.8   50315.0  1568.8
    5478    85.50  2048  L     true   1159       18.8    18.9   49922.8  1568.8
    5479    85.53  2048  L     true   1133       18.9    19.0   49530.6  1568.8
    5480    85.55  2048  L     true   839        19.0    20.0   49138.4  1568.8
    5481    85.57  2048  L     true   982        20.0    20.6   48746.2  1568.8
    5482    85.59  2048  L     true   916        20.6    21.3   48354.0  1568.8
    5483    85.61  2048  L     true   742        21.3    22.6   47961.8  1568.8
    5484    85.63  2048  L     true   1009       22.6    23.1   47569.6  1568.8
    5485    85.65  2048  L     true   972        23.1    23.7   47177.4  1568.8
    5486    85.67  2048  L     true   1784       23.7    21.9   46785.2  1568.8
    5487    85.70  2048  L     true   1626       21.9    20.6   46393.0  1568.8
    5488    85.72  2048  L     true   1548       20.6    19.5   46000.8  1568.8
    5489    85.74  2048  L     true   955        19.5    20.2   45608.6  1568.8
    5490    85.76  2048  L     false  2162       42.0    20.2   46201.8  1568.8
    5491    85.77  256   S     false  880        42.0    20.2   46199.3   882.5
    5492    85.77  256   S     false  928        42.0    20.2   46931.2   196.1
    5493    85.78  256   S     false  805        42.0    20.2   47540.1   196.1
    5494    85.78  256   S     false  777        42.0    20.2   48121.0   196.1
    5495    85.78  256   S     false  902        42.0    20.2   48826.9   196.1
    5496    85.79  256   S     false  963        42.0    20.2   49593.8   196.1
    5497    85.79  256   S     false  786        42.0    20.2   50183.7   196.1
    5498    85.79  256   S     false  771        42.0    20.2   50758.6   196.1
    5499    85.79  256   S     false  711        42.0    20.2   51273.5   196.1
    5500    85.80  256   S     false  709        42.0    20.2   51786.4   196.1
    5501    85.80  256   S     false  652        42.0    20.2   52242.3   196.1
    5502    85.80  256   S     false  724        42.0    20.2   52770.2   196.1
    5503    85.80  256   S     false  919        42.0    20.2   53493.1   196.1
    5504    85.81  256   S     false  719        42.0    20.2   54016.0   196.1
    5505    85.81  256   S     false  851        42.0    20.2   54670.9   196.1
    5506    85.81  256   S     false  948        42.0    20.2   55422.8   196.1
    5507    85.82  2048  L     false  2327       42.0    20.2   56867.4   882.5
    5508    85.85  2048  L     true   980        20.2    20.7   56475.2  1568.8
    5509    85.87  2048  L     true   902        20.7    21.6   56082.9  1568.8
    5510    85.89  2048  L     false  1749       42.0    21.6   56263.1  1568.8
    5511    85.90  256   S     false  624        42.0    21.6   56004.7   882.5
    5512    85.90  256   S     false  598        42.0    21.6   56406.6   196.1
    5513    85.91  256   S     false  564        42.0    21.6   56774.5   196.1
    5514    85.91  256   S     false  496        42.0    21.6   57074.4   196.1
    5515    85.91  256   S     false  468        42.0    21.6   57346.3   196.1
    5516    85.91  256   S     false  512        42.0    21.6   57662.2   196.1
    5517    85.92  256   S     false  653        42.0    21.6   58119.1   196.1
    5518    85.92  256   S     false  846        42.0    21.6   58769.0   196.1
    5519    85.92  256   S     false  927        42.0    21.6   59499.9   196.1
    5520    85.92  256   S     false  649        42.0    21.6   59952.8   196.1
    5521    85.93  256   S     false  514        42.0    21.6   60270.7   196.1
    5522    85.93  256   S     false  702        42.0    21.6   60776.6   196.1
    5523    85.93  256   S     false  628        42.0    21.6   61208.5   196.1
    5524    85.93  256   S     false  585        42.0    21.6   61597.4   196.1
    5525    85.94  256   S     false  594        42.0    21.6   61995.3   196.1
    5526    85.94  256   S     false  568        42.0    21.6   62367.2   196.1
    5527    85.95  2048  L     false  1658       42.0    21.6   63142.7   882.5
    5528    85.97  2048  L     true   873        21.6    22.4   62750.5  1568.8
    5529    85.99  2048  L     true   1151       22.4    22.5   62358.3  1568.8
    5530    86.02  2048  L     true   1553       22.5    21.4   61966.1  1568.8
    5531    86.04  2048  L     true   1508       21.4    20.4   61573.9  1568.8
    5532    86.06  2048  L     true   1276       20.4    20.2   61181.7  1568.8
    5533    86.08  2048  L     true   1278       20.2    19.9   60789.5  1568.8
    5534    86.10  2048  L     true   1235       19.9    19.7   60397.3  1568.8
    5535    86.12  2048  L     true   934        19.7    20.4   60005.1  1568.8
    5536    86.14  2048  L     true   1193       20.4    20.3   59612.9  1568.8
    5537    86.17  2048  L     true   1000       20.3    20.9   59220.7  1568.8
    5538    86.19  2048  L     true   1198       20.9    20.8   58828.5  1568.8
    5539    86.21  2048  L     true   965        20.8    21.4   58436.3  1568.8
    5540    86.23  2048  L     true   1216       21.4    21.3   58044.1  1568.8
    5541    86.25  2048  L     true   917        21.3    22.1   57651.9  1568.8
    5542    86.27  2048  L     true   1032       22.1    22.5   57259.7  1568.8
    5543    86.29  2048  L     true   918        22.5    23.2   56867.5  1568.8
    5544    86.31  2048  L     true   940        23.2    23.9   56475.3  1568.8
    5545    86.34  2048  L     true   1037       23.9    24.4   56083.1  1568.8
    5546    86.36  2048  L     true   1061       24.4    24.7   55690.9  1568.8
    5547    86.38  2048  L     true   731        24.7    26.0   55298.7  1568.8
    5548    86.40  2048  L     true   618        26.0    27.6   54906.5  1568.8
    5549    86.42  2048  L     true   843        27.6    28.6   54514.3  1568.8
    5550    86.44  2048  L     true   510        28.6    30.6   54122.1  1568.8
    5551    86.46  2048  L     true   620        30.6    32.2   53729.9  1568.8
    5552    86.49  2048  L     true   519        32.2    34.1   53337.7  1568.8
    5553    86.51  2048  L     true   2318       34.1    32.1   52945.5  1568.8
    5554    86.53  2048  L     true   2776       32.1    30.1   52553.3  1568.8
    5555    86.55  2048  L     true   2150       30.1    28.1   52161.1  1568.8
    5556    86.57  2048  L     true   2217       28.1    26.1   51768.9  1568.8
    5557    86.59  2048  L     true   1579       26.1    24.9   51376.7  1568.8
    5558    86.61  2048  L     true   1382       24.9    24.3   50984.5  1568.8
    5559    86.63  2048  L     true   1199       24.3    24.3   50592.2  1568.8
    5560    86.66  2048  L     true   788        24.3    25.4   50200.0  1568.8
    5561    86.68  2048  L     true   1063       25.4    25.7   49807.8  1568.8
    5562    86.70  2048  L     true   1111       25.7    25.9   49415.6  1568.8
    5563    86.72  2048  L     true   1312       25.9    25.5   49023.4  1568.8
    5564    86.74  2048  L     true   1351       25.5    25.0   48631.2  1568.8
    5565    86.76  2048  L     true   1052       25.0    25.4   48239.0  1568.8
    5566    86.78  2048  L     true   1597       25.4    24.2   47846.8  1568.8
    5567    86.81  2048  L     true   1676       24.2    22.7   47454.6  1568.8
    5568    86.83  2048  L     true   1513       22.7    21.7   47062.4  1568.8
    5569    86.85  2048  L     true   1346       21.7    21.2   46670.2  1568.8
    5570    86.87  2048  L     true   969        21.2    21.8   46278.0  1568.8
    5571    86.89  2048  L     true   830        21.8    22.8   45885.8  1568.8
    5572    86.91  2048  L     true   908        22.8    23.6   45493.6  1568.8
    5573    86.93  2048  L     true   816        23.6    24.7   45101.4  1568.8
    5574    86.95  2048  L     true   986        24.7    25.2   44709.2  1568.8
    5575    86.98  2048  L     true   1748       25.2    23.6   44317.0  1568.8
    5576    87.00  2048  L     true   1831       23.6    21.7   43924.8  1568.8
    5577    87.02  2048  L     true   1557       21.7    20.5   43532.6  1568.8
    5578    87.04  2048  L     true   1509       20.5    19.6   43140.4  1568.8
    5579    87.06  2048  L     true   822        19.6    20.6   42748.2  1568.8
    5580    87.08  2048  L     true   793        20.6    21.7   42356.0  1568.8
    5581    87.10  2048  L     true   1074       21.7    22.0   41963.8  1568.8
    5582    87.13  2048  L     true   1212       22.0    21.9   41571.6  1568.8
    5583    87.15  2048  L     true   1106       21.9    22.1   41179.4  1568.8
    5584    87.17  2048  L     true   921        22.1    22.9   40787.2  1568.8
    5585    87.19  2048  L     true   1094       22.9    23.1   40395.0  1568.8
    5586    87.21  2048  L     true   1112       23.1    23.3   40002.8  1568.8
    5587    87.23  2048  L     true   1148       23.3    23.4   39610.6  1568.8
    5588    87.25  2048  L     true   1256       23.4    23.2   39218.4  1568.8
    5589    87.27  2048  L     true   982        23.2    23.7   38826.2  1568.8
    5590    87.30  2048  L     true   1097       23.7    24.0   38434.0  1568.8
    5591    87.32  2048  L     true   905        24.0    24.8   38041.8  1568.8
    5592    87.34  2048  L     true   972        24.8    25.4   37649.6  1568.8
    5593    87.36  2048  L     true   1061       25.4    25.7   37257.4  1568.8
    5594    87.38  2048  L     true   1102       25.7    25.9   36865.2  1568.8
    5595    87.40  2048  L     true   1218       25.9    25.8   36473.0  1568.8
    5596    87.42  2048  L     true   1297       25.8    25.4   36080.8  1568.8
    5597    87.45  2048  L     true   1160       25.4    25.5   35688.6  1568.8
    5598    87.47  2048  L     true   1215       25.5    25.4   35296.4  1568.8
    5599    87.49  2048  L     true   1236       25.4    25.2   34904.2  1568.8
    5600    87.51  2048  L     true   1089       25.2    25.5   34512.0  1568.8
    5601    87.53  2048  L     true   1045       25.5    25.8   34119.8  1568.8
    5602    87.55  2048  L     true   1009       25.8    26.3   33727.6  1568.8
    5603    87.57  2048  L     true   1047       26.3    26.7   33335.4  1568.8
    5604    87.59  2048  L     true   1115       26.7    26.9   32943.2  1568.8
    5605    87.62  2048  L     true   1110       26.9    27.1   32551.0  1568.8
    5606    87.64  2048  L     true   1304       27.1    26.7   32158.8  1568.8
    5607    87.66  2048  L     true   1190       26.7    26.7   31766.5  1568.8
    5608    87.68  2048  L     true   1456       26.7    25.9   31374.3  1568.8
    5609    87.70  2048  L     true   1703       25.9    24.3   30982.1  1568.8
    5610    87.72  2048  L     true   1661       24.3    22.9   30589.9  1568.8
    5611    87.74  2048  L     true   1519       22.9    21.9   30197.7  1568.8
    5612    87.77  2048  L     true   1253       21.9    21.7   29805.5  1568.8
    5613    87.79  2048  L     true   1134       21.7    21.8   29413.3  1568.8
    5614    87.81  2048  L     true   1148       21.8    21.9   29021.1  1568.8
    5615    87.83  2048  L     true   1145       21.9    22.0   28628.9  1568.8
    5616    87.85  2048  L     true   1195       22.0    21.9   28236.7  1568.8
    5617    87.87  2048  L     true   1269       21.9    21.7   27844.5  1568.8
    5618    87.89  2048  L     true   1264       21.7    21.4   27452.3  1568.8
    5619    87.91  2048  L     true   1570       21.4    20.2   27060.1  1568.8
    5620    87.94  2048  L     true   1487       20.2    19.3   26667.9  1568.8
    5621    87.96  2048  L     true   1287       19.3    19.0   26275.7  1568.8
    5622    87.98  2048  L     true   1225       19.0    18.9   25883.5  1568.8
  sec 467: ours 0.871 ref 0.948
    idx  centre_s  n     kind  steady bits   headroom rate_hr reservoir target
    32003   465.00  2048  L     false  1476       42.0    25.2 1269227.6   882.5
    32004   465.02  2048  L     true   1071       25.2    25.6 1268835.4  1568.8
    32005   465.05  2048  L     true   1173       25.6    25.6 1268443.2  1568.8
    32006   465.07  2048  L     true   1230       25.6    25.4 1268051.0  1568.8
    32007   465.09  2048  L     true   1290       25.4    25.1 1267658.8  1568.8
    32008   465.11  2048  L     true   1505       25.1    24.1 1267266.6  1568.8
    32009   465.13  2048  L     true   1381       24.1    23.5 1266874.4  1568.8
    32010   465.15  2048  L     true   1123       23.5    23.7 1266482.2  1568.8
    32011   465.17  2048  L     true   1082       23.7    24.0 1266090.0  1568.8
    32012   465.19  2048  L     true   1022       24.0    24.4 1265697.8  1568.8
    32013   465.22  2048  L     true   1073       24.4    24.7 1265305.6  1568.8
    32014   465.24  2048  L     true   1097       24.7    24.9 1264913.4  1568.8
    32015   465.26  2048  L     true   1326       24.9    24.5 1264521.2  1568.8
    32016   465.28  2048  L     true   1001       24.5    25.0 1264129.0  1568.8
    32017   465.30  2048  L     true   1393       25.0    24.4 1263736.8  1568.8
    32018   465.32  2048  L     true   1257       24.4    24.1 1263344.6  1568.8
    32019   465.34  2048  L     true   1196       24.1    24.1 1262952.4  1568.8
    32020   465.37  2048  L     true   1222       24.1    24.0 1262560.2  1568.8
    32021   465.39  2048  L     true   1202       24.0    23.9 1262168.0  1568.8
    32022   465.41  2048  L     false  1601       42.0    23.9 1262200.2  1568.8
    32023   465.42  256   S     false  663        42.0    23.9 1261980.7   882.5
    32024   465.42  256   S     false  593        42.0    23.9 1262377.6   196.1
    32025   465.43  256   S     false  541        42.0    23.9 1262722.5   196.1
    32026   465.43  256   S     false  534        42.0    23.9 1263060.4   196.1
    32027   465.43  256   S     false  427        42.0    23.9 1263291.3   196.1
    32028   465.43  256   S     false  471        42.0    23.9 1263566.2   196.1
    32029   465.44  256   S     false  488        42.0    23.9 1263858.1   196.1
    32030   465.44  256   S     false  426        42.0    23.9 1264088.0   196.1
    32031   465.44  256   S     false  462        42.0    23.9 1264353.9   196.1
    32032   465.44  256   S     false  841        42.0    23.9 1264998.8   196.1
    32033   465.45  256   S     false  1068       42.0    23.9 1265870.7   196.1
    32034   465.45  256   S     false  933        42.0    23.9 1266607.6   196.1
    32035   465.45  256   S     false  780        42.0    23.9 1267191.5   196.1
    32036   465.45  256   S     false  801        42.0    23.9 1267796.4   196.1
    32037   465.46  256   S     false  864        42.0    23.9 1268464.3   196.1
    32038   465.46  256   S     false  934        42.0    23.9 1269202.2   196.1
    32039   465.47  2048  L     false  1586       42.0    23.9 1269905.8   882.5
    32040   465.49  2048  L     true   954        23.9    24.5 1269513.6  1568.8
    32041   465.51  2048  L     true   1111       24.5    24.7 1269121.4  1568.8
    32042   465.54  2048  L     true   1286       24.7    24.4 1268729.2  1568.8
    32043   465.56  2048  L     true   1203       24.4    24.3 1268337.0  1568.8
    32044   465.58  2048  L     true   991        24.3    24.9 1267944.8  1568.8
    32045   465.60  2048  L     true   896        24.9    25.7 1267552.6  1568.8
    32046   465.62  2048  L     true   802        25.7    26.8 1267160.3  1568.8
    32047   465.64  2048  L     true   1806       26.8    24.9 1266768.1  1568.8
    32048   465.66  2048  L     true   1299       24.9    24.6 1266375.9  1568.8
    32049   465.69  2048  L     true   1007       24.6    25.1 1265983.7  1568.8
    32050   465.71  2048  L     true   1244       25.1    24.9 1265591.5  1568.8
    32051   465.73  2048  L     true   1257       24.9    24.7 1265199.3  1568.8
    32052   465.75  2048  L     true   1379       24.7    24.1 1264807.1  1568.8
    32053   465.77  2048  L     true   1064       24.1    24.4 1264414.9  1568.8
    32054   465.79  2048  L     true   1329       24.4    23.9 1264022.7  1568.8
    32055   465.81  2048  L     true   1105       23.9    24.2 1263630.5  1568.8
    32056   465.83  2048  L     true   1317       24.2    23.7 1263238.3  1568.8
    32057   465.86  2048  L     true   1275       23.7    23.5 1262846.1  1568.8
    32058   465.88  2048  L     true   1157       23.5    23.5 1262453.9  1568.8
    32059   465.90  2048  L     true   1254       23.5    23.3 1262061.7  1568.8
    32060   465.92  2048  L     true   891        23.3    24.1 1261669.5  1568.8
    32061   465.94  2048  L     true   1960       24.1    22.1 1261277.3  1568.8
    32062   465.96  2048  L     true   1523       22.1    21.1 1260885.1  1568.8
    32063   465.98  2048  L     true   1473       21.1    20.2 1260492.9  1568.8
    32064   466.01  2048  L     true   1562       20.2    19.1 1260100.7  1568.8
    32065   466.03  2048  L     true   1278       19.1    18.8 1259708.5  1568.8
    32066   466.05  2048  L     true   1120       18.8    19.0 1259316.3  1568.8
    32067   466.07  2048  L     true   1088       19.0    19.2 1258924.1  1568.8
    32068   466.09  2048  L     true   980        19.2    19.8 1258531.9  1568.8
    32069   466.11  2048  L     true   918        19.8    20.6 1258139.7  1568.8
    32070   466.13  2048  L     true   978        20.6    21.2 1257747.5  1568.8
    32071   466.15  2048  L     true   1013       21.2    21.6 1257355.3  1568.8
    32072   466.18  2048  L     true   939        21.6    22.3 1256963.1  1568.8
    32073   466.20  2048  L     true   1037       22.3    22.7 1256570.9  1568.8
    32074   466.22  2048  L     true   1029       22.7    23.2 1256178.7  1568.8
    32075   466.24  2048  L     false  1843       42.0    23.2 1256452.9  1568.8
    32076   466.25  256   S     false  530        42.0    23.2 1256100.4   882.5
    32077   466.25  256   S     false  556        42.0    23.2 1256460.3   196.1
    32078   466.26  256   S     false  590        42.0    23.2 1256854.2   196.1
    32079   466.26  256   S     false  886        42.0    23.2 1257544.1   196.1
    32080   466.26  256   S     false  1035       42.0    23.2 1258383.0   196.1
    32081   466.27  256   S     false  1049       42.0    23.2 1259235.9   196.1
    32082   466.27  256   S     false  929        42.0    23.2 1259968.8   196.1
    32083   466.27  256   S     false  1199       42.0    23.2 1260971.7   196.1
    32084   466.27  256   S     false  1217       42.0    23.2 1261992.6   196.1
    32085   466.28  256   S     false  1300       42.0    23.2 1263096.5   196.1
    32086   466.28  256   S     false  1164       42.0    23.2 1264064.4   196.1
    32087   466.28  256   S     false  1195       42.0    23.2 1265063.3   196.1
    32088   466.28  256   S     false  1202       42.0    23.2 1266069.2   196.1
    32089   466.29  256   S     false  1152       42.0    23.2 1267025.1   196.1
    32090   466.29  256   S     false  1140       42.0    23.2 1267969.0   196.1
    32091   466.29  256   S     false  1164       42.0    23.2 1268936.9   196.1
    32092   466.30  2048  L     false  3217       42.0    23.2 1271271.5   882.5
    32093   466.33  2048  L     true   1149       23.2    23.3 1270879.3  1568.8
    32094   466.35  2048  L     true   1271       23.3    23.0 1270487.1  1568.8
    32095   466.37  2048  L     false  2052       42.0    23.0 1270970.2  1568.8
    32096   466.38  256   S     false  630        42.0    23.0 1270717.8   882.5
    32097   466.38  256   S     false  616        42.0    23.0 1271137.7   196.1
    32098   466.39  256   S     false  582        42.0    23.0 1271523.6   196.1
    32099   466.39  256   S     false  551        42.0    23.0 1271878.5   196.1
    32100   466.39  256   S     false  516        42.0    23.0 1272198.4   196.1
    32101   466.39  256   S     false  538        42.0    23.0 1272540.3   196.1
    32102   466.40  256   S     false  664        42.0    23.0 1273008.2   196.1
    32103   466.40  256   S     false  755        42.0    23.0 1273567.1   196.1
    32104   466.40  256   S     false  1193       42.0    23.0 1274564.0   196.1
    32105   466.40  256   S     false  1089       42.0    23.0 1275456.9   196.1
    32106   466.41  256   S     false  1061       42.0    23.0 1276321.8   196.1
    32107   466.41  256   S     false  1032       42.0    23.0 1277157.7   196.1
    32108   466.41  256   S     false  969        42.0    23.0 1277930.6   196.1
    32109   466.41  256   S     false  1031       42.0    23.0 1278765.5   196.1
    32110   466.42  256   S     false  982        42.0    23.0 1279551.4   196.1
    32111   466.42  256   S     false  1051       42.0    23.0 1280406.3   196.1
    32112   466.43  2048  L     false  2293       42.0    23.0 1281816.8   882.5
    32113   466.45  2048  L     true   1058       23.0    23.3 1281424.6  1568.8
    32114   466.47  2048  L     true   1107       23.3    23.5 1281032.4  1568.8
    32115   466.50  2048  L     true   1039       23.5    23.9 1280640.2  1568.8
    32116   466.52  2048  L     true   1078       23.9    24.2 1280248.0  1568.8
    32117   466.54  2048  L     true   1185       24.2    24.2 1279855.8  1568.8
    32118   466.56  2048  L     true   1160       24.2    24.2 1279463.6  1568.8
    32119   466.58  2048  L     true   858        24.2    25.2 1279071.4  1568.8
    32120   466.60  2048  L     true   613        25.2    26.8 1278679.2  1568.8
    32121   466.62  2048  L     true   607        26.8    28.5 1278287.0  1568.8
    32122   466.65  2048  L     true   1048       28.5    28.9 1277894.8  1568.8
    32123   466.67  2048  L     false  2524       42.0    28.9 1278850.0  1568.8
    32124   466.68  256   S     false  562        42.0    28.9 1278529.5   882.5
    32125   466.68  256   S     false  511        42.0    28.9 1278844.4   196.1
    32126   466.68  256   S     false  514        42.0    28.9 1279162.3   196.1
    32127   466.69  256   S     false  460        42.0    28.9 1279426.2   196.1
    32128   466.69  256   S     false  452        42.0    28.9 1279682.1   196.1
    32129   466.69  256   S     false  479        42.0    28.9 1279965.0   196.1
    32130   466.69  256   S     false  896        42.0    28.9 1280664.9   196.1
    32131   466.70  256   S     false  809        42.0    28.9 1281277.8   196.1
    32132   466.70  256   S     false  955        42.0    28.9 1282036.7   196.1
    32133   466.70  256   S     false  826        42.0    28.9 1282666.6   196.1
    32134   466.71  256   S     false  901        42.0    28.9 1283371.5   196.1
    32135   466.71  256   S     false  971        42.0    28.9 1284146.4   196.1
    32136   466.71  256   S     false  979        42.0    28.9 1284929.3   196.1
    32137   466.71  256   S     false  1023       42.0    28.9 1285756.2   196.1
    32138   466.72  256   S     false  1026       42.0    28.9 1286586.1   196.1
    32139   466.72  256   S     false  942        42.0    28.9 1287332.0   196.1
    32140   466.73  2048  L     false  2466       42.0    28.9 1288915.6   882.5
    32141   466.75  2048  L     true   1396       28.9    28.2 1288523.4  1568.8
    32142   466.77  2048  L     true   1392       28.2    27.6 1288131.2  1568.8
    32143   466.79  2048  L     true   1438       27.6    26.8 1287739.0  1568.8
    32144   466.82  2048  L     true   1253       26.8    26.6 1287346.8  1568.8
    32145   466.84  2048  L     true   1315       26.6    26.2 1286954.6  1568.8
    32146   466.86  2048  L     true   1398       26.2    25.6 1286562.4  1568.8
    32147   466.88  2048  L     true   1711       25.6    24.0 1286170.2  1568.8
    32148   466.90  2048  L     true   1827       24.0    22.1 1285777.9  1568.8
    32149   466.92  2048  L     true   762        22.1    23.3 1285385.7  1568.8
    32150   466.94  2048  L     true   1074       23.3    23.6 1284993.5  1568.8
    32151   466.97  2048  L     true   1611       23.6    22.3 1284601.3  1568.8
    32152   466.99  2048  L     true   1423       22.3    21.6 1284209.1  1568.8
    32153   467.01  2048  L     true   1487       21.6    20.7 1283816.9  1568.8
    32154   467.03  2048  L     true   1660       20.7    19.3 1283424.7  1568.8
    32155   467.05  2048  L     true   884        19.3    20.1 1283032.5  1568.8
    32156   467.07  2048  L     true   849        20.1    21.1 1282640.3  1568.8
    32157   467.09  2048  L     true   753        21.1    22.3 1282248.1  1568.8
    32158   467.11  2048  L     true   1182       22.3    22.3 1281855.9  1568.8
    32159   467.14  2048  L     true   1115       22.3    22.5 1281463.7  1568.8
    32160   467.16  2048  L     true   1126       22.5    22.7 1281071.5  1568.8
    32161   467.18  2048  L     true   1425       22.7    21.9 1280679.3  1568.8
    32162   467.20  2048  L     true   1212       21.9    21.8 1280287.1  1568.8
    32163   467.22  2048  L     true   708        21.8    23.2 1279894.9  1568.8
    32164   467.24  2048  L     true   1060       23.2    23.5 1279502.7  1568.8
    32165   467.26  2048  L     true   1693       23.5    22.0 1279110.5  1568.8
    32166   467.29  2048  L     true   1244       22.0    21.8 1278718.3  1568.8
    32167   467.31  2048  L     true   1059       21.8    22.2 1278326.1  1568.8
    32168   467.33  2048  L     true   1257       22.2    21.9 1277933.9  1568.8
    32169   467.35  2048  L     true   1241       21.9    21.7 1277541.7  1568.8
    32170   467.37  2048  L     true   1854       21.7    19.8 1277149.5  1568.8
    32171   467.39  2048  L     true   1610       19.8    18.5 1276757.3  1568.8
    32172   467.41  2048  L     true   1230       18.5    18.3 1276365.1  1568.8
    32173   467.43  2048  L     true   1077       18.3    18.6 1275972.9  1568.8
    32174   467.46  2048  L     true   1163       18.6    18.7 1275580.7  1568.8
    32175   467.48  2048  L     true   959        18.7    19.3 1275188.5  1568.8
    32176   467.50  2048  L     true   1019       19.3    19.8 1274796.3  1568.8
    32177   467.52  2048  L     true   1037       19.8    20.2 1274404.1  1568.8
    32178   467.54  2048  L     true   1155       20.2    20.2 1274011.9  1568.8
    32179   467.56  2048  L     true   992        20.2    20.8 1273619.7  1568.8
    32180   467.58  2048  L     true   1431       20.8    20.0 1273227.5  1568.8
    32181   467.61  2048  L     true   1129       20.0    20.2 1272835.3  1568.8
    32182   467.63  2048  L     true   1374       20.2    19.6 1272443.1  1568.8
    32183   467.65  2048  L     true   1132       19.6    19.7 1272050.9  1568.8
    32184   467.67  2048  L     true   1190       19.7    19.7 1271658.7  1568.8
    32185   467.69  2048  L     true   1176       19.7    19.7 1271266.5  1568.8
    32186   467.71  2048  L     true   1352       19.7    19.2 1270874.3  1568.8
    32187   467.73  2048  L     true   1154       19.2    19.2 1270482.1  1568.8
    32188   467.75  2048  L     true   1192       19.2    19.2 1270089.9  1568.8
    32189   467.78  2048  L     true   1116       19.2    19.4 1269697.7  1568.8
    32190   467.80  2048  L     true   1407       19.4    18.7 1269305.5  1568.8
    32191   467.82  2048  L     true   1345       18.7    18.2 1268913.3  1568.8
    32192   467.84  2048  L     true   1174       18.2    18.2 1268521.1  1568.8
    32193   467.86  2048  L     true   997        18.2    18.7 1268128.9  1568.8
    32194   467.88  2048  L     true   944        18.7    19.4 1267736.7  1568.8
    32195   467.90  2048  L     true   1059       19.4    19.8 1267344.5  1568.8
    32196   467.93  2048  L     true   770        19.8    21.0 1266952.2  1568.8
    32197   467.95  2048  L     true   841        21.0    21.9 1266560.0  1568.8
    32198   467.97  2048  L     true   755        21.9    23.2 1266167.8  1568.8
    32199   467.99  2048  L     true   785        23.2    24.3 1265775.6  1568.8
    32200   468.01  2048  L     true   795        24.3    25.4 1265383.4  1568.8
    32201   468.03  2048  L     true   820        25.4    26.5 1264991.2  1568.8
    32202   468.05  2048  L     true   839        26.5    27.5 1264599.0  1568.8
    32203   468.07  2048  L     true   1148       27.5    27.6 1264206.8  1568.8
    32204   468.10  2048  L     true   1177       27.6    27.6 1263814.6  1568.8
    32205   468.12  2048  L     true   1558       27.6    26.4 1263422.4  1568.8
    32206   468.14  2048  L     true   1269       26.4    26.2 1263030.2  1568.8
    32207   468.16  2048  L     true   1336       26.2    25.7 1262638.0  1568.8
    32208   468.18  2048  L     true   1574       25.7    24.5 1262245.8  1568.8
    32209   468.20  2048  L     true   1467       24.5    23.7 1261853.6  1568.8
    32210   468.22  2048  L     true   1448       23.7    22.9 1261461.4  1568.8
    32211   468.25  2048  L     true   1521       22.9    21.9 1261069.2  1568.8
    32212   468.27  2048  L     true   1322       21.9    21.5 1260677.0  1568.8
    32213   468.29  2048  L     true   1382       21.5    20.9 1260284.8  1568.8
    32214   468.31  2048  L     true   1118       20.9    21.0 1259892.6  1568.8
    32215   468.33  2048  L     true   1020       21.0    21.5 1259500.4  1568.8
    32216   468.35  2048  L     true   1013       21.5    22.0 1259108.2  1568.8
    32217   468.37  2048  L     true   956        22.0    22.6 1258716.0  1568.8
    32218   468.39  2048  L     true   1070       22.6    22.9 1258323.8  1568.8
    32219   468.42  2048  L     true   1052       22.9    23.3 1257931.6  1568.8
    32220   468.44  2048  L     true   977        23.3    23.9 1257539.4  1568.8
    32221   468.46  2048  L     true   1267       23.9    23.6 1257147.2  1568.8
    32222   468.48  2048  L     true   1205       23.6    23.5 1256755.0  1568.8
    32223   468.50  2048  L     true   1414       23.5    22.8 1256362.8  1568.8
    32224   468.52  2048  L     true   1325       22.8    22.4 1255970.6  1568.8
    32225   468.54  2048  L     true   1166       22.4    22.4 1255578.4  1568.8
    32226   468.57  2048  L     true   911        22.4    23.2 1255186.2  1568.8
    32227   468.59  2048  L     true   989        23.2    23.8 1254794.0  1568.8
    32228   468.61  2048  L     true   939        23.8    24.4 1254401.8  1568.8
    32229   468.63  2048  L     true   955        24.4    25.1 1254009.6  1568.8
    32230   468.65  2048  L     true   1073       25.1    25.4 1253617.4  1568.8
    32231   468.67  2048  L     true   1550       25.4    24.3 1253225.2  1568.8
    32232   468.69  2048  L     true   1518       24.3    23.3 1252833.0  1568.8
    32233   468.71  2048  L     true   1237       23.3    23.1 1252440.8  1568.8
    32234   468.74  2048  L     true   1274       23.1    22.8 1252048.6  1568.8
    32235   468.76  2048  L     true   1268       22.8    22.6 1251656.4  1568.8
    32236   468.78  2048  L     true   1418       22.6    21.9 1251264.2  1568.8
    32237   468.80  2048  L     true   1338       21.9    21.4 1250872.0  1568.8
    32238   468.82  2048  L     true   1141       21.4    21.5 1250479.8  1568.8
    32239   468.84  2048  L     true   1285       21.5    21.2 1250087.6  1568.8
    32240   468.86  2048  L     true   1327       21.2    20.7 1249695.4  1568.8
    32241   468.89  2048  L     true   1310       20.7    20.4 1249303.2  1568.8
    32242   468.91  2048  L     true   1152       20.4    20.4 1248911.0  1568.8
    32243   468.93  2048  L     true   1286       20.4    20.1 1248518.8  1568.8
    32244   468.95  2048  L     true   1112       20.1    20.3 1248126.5  1568.8
    32245   468.97  2048  L     true   1075       20.3    20.6 1247734.3  1568.8
    32246   468.99  2048  L     true   974        20.6    21.2 1247342.1  1568.8
    32247   469.01  2048  L     true   877        21.2    22.1 1246949.9  1568.8
    32248   469.03  2048  L     true   769        22.1    23.3 1246557.7  1568.8
    32249   469.06  2048  L     true   958        23.3    23.9 1246165.5  1568.8
    32250   469.08  2048  L     true   1055       23.9    24.3 1245773.3  1568.8
    32251   469.10  2048  L     true   1403       24.3    23.6 1245381.1  1568.8
    32252   469.12  2048  L     true   1814       23.6    21.7 1244988.9  1568.8
    32253   469.14  2048  L     true   1626       21.7    20.4 1244596.7  1568.8
    32254   469.16  2048  L     true   1157       20.4    20.5 1244204.5  1568.8
    32255   469.18  2048  L     true   1201       20.5    20.4 1243812.3  1568.8
    32256   469.21  2048  L     true   1224       20.4    20.3 1243420.1  1568.8
    32257   469.23  2048  L     true   1067       20.3    20.6 1243027.9  1568.8
    32258   469.25  2048  L     true   931        20.6    21.3 1242635.7  1568.8
    32259   469.27  2048  L     true   898        21.3    22.1 1242243.5  1568.8
    32260   469.29  2048  L     true   940        22.1    22.8 1241851.3  1568.8
    32261   469.31  2048  L     true   1058       22.8    23.1 1241459.1  1568.8
    32262   469.33  2048  L     true   1405       23.1    22.5 1241066.9  1568.8
    32263   469.35  2048  L     true   1298       22.5    22.1 1240674.7  1568.8
    32264   469.38  2048  L     true   1082       22.1    22.4 1240282.5  1568.8
    32265   469.40  2048  L     true   1142       22.4    22.5 1239890.3  1568.8
    32266   469.42  2048  L     true   1287       22.5    22.2 1239498.1  1568.8
    32267   469.44  2048  L     true   1268       22.2    21.9 1239105.9  1568.8
    32268   469.46  2048  L     true   1398       21.9    21.3 1238713.7  1568.8
    32269   469.48  2048  L     true   1439       21.3    20.5 1238321.5  1568.8
    32270   469.50  2048  L     true   906        20.5    21.3 1237929.3  1568.8
    32271   469.53  2048  L     true   948        21.3    22.0 1237537.1  1568.8
    32272   469.55  2048  L     true   1092       22.0    22.2 1237144.9  1568.8
    32273   469.57  2048  L     true   1079       22.2    22.5 1236752.7  1568.8
    32274   469.59  2048  L     true   1042       22.5    22.9 1236360.5  1568.8
    32275   469.61  2048  L     true   997        22.9    23.4 1235968.3  1568.8
    32276   469.63  2048  L     true   1243       23.4    23.2 1235576.1  1568.8
    32277   469.65  2048  L     true   1385       23.2    22.6 1235183.9  1568.8
    32278   469.67  2048  L     true   1393       22.6    22.0 1234791.7  1568.8
    32279   469.70  2048  L     true   1354       22.0    21.5 1234399.5  1568.8
    32280   469.72  2048  L     true   1071       21.5    21.8 1234007.3  1568.8
    32281   469.74  2048  L     true   1049       21.8    22.1 1233615.1  1568.8
    32282   469.76  2048  L     true   1088       22.1    22.4 1233222.9  1568.8
    32283   469.78  2048  L     true   1024       22.4    22.8 1232830.7  1568.8
    32284   469.80  2048  L     true   1109       22.8    23.0 1232438.5  1568.8
    32285   469.82  2048  L     true   1268       23.0    22.8 1232046.3  1568.8
    32286   469.85  2048  L     true   1163       22.8    22.8 1231654.1  1568.8
    32287   469.87  2048  L     true   1149       22.8    22.9 1231261.9  1568.8
    32288   469.89  2048  L     true   1124       22.9    23.0 1230869.7  1568.8
    32289   469.91  2048  L     true   952        23.0    23.7 1230477.5  1568.8
    32290   469.93  2048  L     true   1079       23.7    24.0 1230085.3  1568.8
    32291   469.95  2048  L     true   1147       24.0    24.1 1229693.1  1568.8
    32292   469.97  2048  L     true   964        24.1    24.7 1229300.8  1568.8
    32293   469.99  2048  L     true   1189       24.7    24.7 1228908.6  1568.8

=== hein@128k  rate -4.36%  gap 0.0017  dropouts 0 ===
